NombreProceso,NombreGrupo,Fecha,total_ejecucionesFecha,total_mipsFecha
*FILE/TRANSFER,FTP,2024-12-02,54430,0.3462923998351272
*FILE/TRANSFER,OPERACION,2024-12-02,2,1.037491467688948e-05
*FILE/TRANSFER,MONITOREO,2024-12-02,3,1.3129039839985327e-05
*FILE/TRANSFER,FTP,2024-12-03,54984,0.3609324841864651
*FILE/TRANSFER,FTP,2024-10-19,55028,0.3595478947060307
*FILE/TRANSFER,FTP,2024-10-28,56408,0.3591758843793185
*FILE/TRANSFER,FTP,2024-10-25,53532,0.34298292724070767
*FILE/TRANSFER,MONITOREO,2024-10-27,2,8.058945789740696e-06
*FILE/TRANSFER,OPERACION,2024-10-28,2,8.997852095341554e-06
*FILE/TRANSFER,MONITOREO,2024-10-30,3,1.3786274253905928e-05
*FILE/TRANSFER,FTP,2024-11-02,54027,0.3556306837084313
*FILE/TRANSFER,MONITOREO,2024-11-03,2,8.59099269624785e-06
*FILE/TRANSFER,OPERACION,2024-11-08,2,1.1439008489903784e-05
*FILE/TRANSFER,FTP,2024-11-08,55771,0.359332259224518
*FILE/TRANSFER,MONITOREO,2024-11-10,2,8.716180203661295e-06
*FILE/TRANSFER,MONITOREO,2024-11-09,4,1.81678370133766e-05
*FILE/TRANSFER,FTP,2024-11-09,53657,0.34589752713986666
*FILE/TRANSFER,OPERACION,2024-11-14,8,3.580362712024604e-05
*FILE/TRANSFER,OPERACION,2024-11-15,2,1.106344596766344e-05
*FILE/TRANSFER,OPERACION,2024-11-20,2,9.420359932861939e-06
*FILE/TRANSFER,MONITOREO,2024-11-20,3,1.367673518491916e-05
*FILE/TRANSFER,MONITOREO,2024-11-21,3,1.4255727406706356e-05
*FILE/TRANSFER,MONITOREO,2024-11-23,4,1.7964407313829745e-05
*FILE/TRANSFER,FTP,2024-11-23,53245,0.3428715729528486
*FILE/TRANSFER,MONITOREO,2024-11-06,3,1.3614141431212437e-05
*FILE/TRANSFER,OPERACION,2024-10-17,8,3.816654132267487e-05
*FILE/TRANSFER,MONITOREO,2024-09-21,2,9.482953686568663e-06
*FILE/TRANSFER,MONITOREO,2024-09-14,2,9.670734947688835e-06
*FILE/TRANSFER,FTP,2024-09-08,54566,0.30952894444710294
*FILE/TRANSFER,MONITOREO,2024-09-09,2,9.185633356461725e-06
*FILE/TRANSFER,MONITOREO,2024-08-15,2,9.216930233315088e-06
*FILE/TRANSFER,OPERACION,2024-08-05,2,1.0406211553742841e-05
*FILE/TRANSFER,FTP,2024-07-23,56263,0.37337598158741625
*FILE/TRANSFER,OPERACION,2024-07-25,8,3.749365847032759e-05
*FILE/TRANSFER,FTP,2024-07-20,54072,0.34170261895395415
*FILE/TRANSFER,OPERACION,2024-07-07,4,1.4553047736813295e-05
*FILE/TRANSFER,MONITOREO,2024-06-28,2,9.420359932861939e-06
*FILE/TRANSFER,MONITOREO,2024-06-24,2,9.342117740728533e-06
*FILE/TRANSFER,MONITOREO,2024-06-04,2,9.968055277795774e-06
*FILE/TRANSFER,MONITOREO,2024-06-01,2,9.702031824542197e-06
*FILE/TRANSFER,FTP,2024-05-27,57035,0.37049499453400075
*FILE/TRANSFER,FTP,2024-05-24,53382,0.3423846717912188
*FILE/TRANSFER,MONITOREO,2024-04-27,2,1.6649938485988544e-05
*FILE/TRANSFER,MONITOREO,2024-04-10,2,9.576844317128749e-06
*FILE/TRANSFER,MONITOREO,2024-03-31,2,8.371914558274315e-06
*FILE/TRANSFER,OPERACION,2024-03-22,4,2.5757329650316864e-05
*FILE/TRANSFER,OPERACION,2024-03-21,8,3.7352822524487456e-05
*FILE/TRANSFER,MONITOREO,2024-03-08,2,9.107391164328321e-06
*FILE/TRANSFER,FTP,2024-03-04,55435,0.3439160279756524
*FILE/TRANSFER,MONITOREO,2024-01-13,2,8.215430174007504e-06
*FILE/TRANSFER,MONITOREO,2024-01-10,2,7.824219213340482e-06
*FILE/TRANSFER,MONITOREO,2024-01-31,2,8.434508311981039e-06
*FILE/TRANSFER,OPERACION,2024-08-20,6,2.7775978207358707e-05
*FILE/TRANSFER,FTP,2024-02-26,57022,0.3523596280303595
*FILE/TRANSFER,MONITOREO,2024-02-07,2,8.090242666594058e-06
*FILE/TRANSFER,MONITOREO,2024-01-08,2,7.730328582780395e-06
*FILE/TRANSFER,FTP,2024-08-13,56752,0.3685106942993077
*FILE/TRANSFER,FTP,2024-08-12,57274,0.3586419127148918
*FILE/TRANSFER,OPERACION,2024-08-12,2,9.780274016675603e-06
*FILE/TRANSFER,MONITOREO,2024-08-12,19,8.614465353887869e-05
*FILE/TRANSFER,FTP,2024-07-01,39962,0.20493440644064853
*FILE/TRANSFER,OPERACION,2024-08-16,4,2.2033001304766795e-05
*FILE/TRANSFER,MONITOREO,2024-09-28,2,9.29517242544849e-06
*FILE/TRANSFER,MONITOREO,2024-09-27,2,9.138688041181683e-06
*FILE/TRANSFER,OPERACION,2024-09-27,4,2.325357950204791e-05
*FILE/TRANSFER,MONITOREO,2024-10-21,2,8.700531765234614e-06
*FILE/TRANSFER,FTP,2024-10-30,56488,0.3654555088293137
*FILE/TRANSFER,OPERACION,2024-10-30,2,1.106344596766344e-05
*FILE/TRANSFER,FTP,2024-07-22,56128,0.3550979169737654
*FILE/TRANSFER,FTP,2024-07-03,57342,0.37424605041238024
*FILE/TRANSFER,OPERACION,2024-07-03,2,1.0061945908355858e-05
*FILE/TRANSFER,FTP,2024-08-09,57418,0.37045588908637145
*FILE/TRANSFER,OPERACION,2024-08-09,8,3.8698588229182026e-05
*FILE/TRANSFER,FTP,2024-09-04,55394,0.36427458377500127
*FILE/TRANSFER,MONITOREO,2024-09-04,2,9.858516208809006e-06
*FILE/TRANSFER,MONITOREO,2024-09-06,2,9.702031824542197e-06
*FILE/TRANSFER,MONITOREO,2024-09-05,2,9.608141193982111e-06
*FILE/TRANSFER,OPERACION,2024-09-05,6,3.0264079917200984e-05
*FILE/TRANSFER,MONITOREO,2024-07-07,2,9.310820863875173e-06
*FILE/TRANSFER,MONITOREO,2024-07-06,2,9.655086509262154e-06
*FILE/TRANSFER,FTP,2024-09-15,54733,0.31122867782901736
*FILE/TRANSFER,MONITOREO,2024-09-15,2,7.824219213340482e-06
*FILE/TRANSFER,FTP,2024-09-14,55767,0.363794442738759
*FILE/TRANSFER,FTP,2024-07-28,54604,0.30727373844637246
*FILE/TRANSFER,FTP,2024-11-04,51469,0.3001676260724344
*FILE/TRANSFER,OPERACION,2024-06-24,2,1.1673735066304e-05
*FILE/TRANSFER,FTP,2024-09-22,48431,0.2657432679635154
*FILE/TRANSFER,MONITOREO,2024-07-01,2,8.622289573101212e-06
*FILE/TRANSFER,FTP,2024-06-30,54868,0.3125210980071144
*FILE/TRANSFER,MONITOREO,2024-07-14,2,8.30932080456759e-06
*FILE/TRANSFER,MONITOREO,2024-05-23,2,9.936758400942412e-06
*FILE/TRANSFER,OPERACION,2024-05-23,8,3.7587549100887675e-05
*FILE/TRANSFER,MONITOREO,2024-08-27,1,5.163984680804717e-06
*FILE/TRANSFER,FTP,2024-08-26,17990,0.09562233370169775
*FILE/TRANSFER,OPERACION,2024-11-06,2,8.966555218488191e-06
*FILE/TRANSFER,FTP,2024-11-05,56990,0.36934956013803405
*FILE/TRANSFER,OPERACION,2024-11-05,8,3.9950463303316497e-05
*FILE/TRANSFER,MONITOREO,2024-11-05,3,1.381757113075929e-05
*FILE/TRANSFER,OPERACION,2024-11-19,8,3.713374438651392e-05
*FILE/TRANSFER,FTP,2024-11-18,55759,0.35796710510460716
*FILE/TRANSFER,OPERACION,2024-11-18,2,9.968055277795772e-06
*FILE/TRANSFER,FTP,2024-11-24,52775,0.30060557891868517
*FILE/TRANSFER,FTP,2024-05-28,58259,0.38372102339535186
*FILE/TRANSFER,FTP,2024-07-26,53526,0.3406888192220419
*FILE/TRANSFER,OPERACION,2024-07-26,2,1.151725068203719e-05
*FILE/TRANSFER,MONITOREO,2024-09-03,5,2.34257123247414e-05
*FILE/TRANSFER,FTP,2024-09-02,55699,0.3581845401565487
*FILE/TRANSFER,MONITOREO,2024-09-02,23,0.00011135428784426172
*FILE/TRANSFER,OPERACION,2024-09-02,2,1.1501602243610507e-05
*FILE/TRANSFER,FTP,2024-06-29,56738,0.3745454989301169
*FILE/TRANSFER,MONITOREO,2024-06-29,2,9.326469302301854e-06
*FILE/TRANSFER,FTP,2024-11-11,54064,0.3137982922546218
*FILE/TRANSFER,MONITOREO,2024-11-11,3,1.2424860110784683e-05
*FILE/TRANSFER,FTP,2024-08-07,51379,0.31087577424561214
*FILE/TRANSFER,FTP,2024-08-05,57638,0.3584492647894211
*FILE/TRANSFER,MONITOREO,2024-08-05,2,8.700531765234617e-06
*FILE/TRANSFER,MONITOREO,2024-11-04,3,1.3144688278412008e-05
*FILE/TRANSFER,FTP,2024-11-03,51367,0.28128820761846396
*FILE/TRANSFER,FTP,2024-05-20,59465,0.37195993874574756
*FILE/TRANSFER,MONITOREO,2024-05-20,2,9.185633356461725e-06
*FILE/TRANSFER,OPERACION,2024-05-20,2,1.0953906898676675e-05
*FILE/TRANSFER,MONITOREO,2024-05-12,2,9.404711494435258e-06
*FILE/TRANSFER,FTP,2024-05-11,59149,0.38215243957589895
*FILE/TRANSFER,FTP,2024-05-13,52423,0.3118087967383636
*FILE/TRANSFER,FTP,2024-05-10,56471,0.35976567402362253
*FILE/TRANSFER,MONITOREO,2024-05-11,2,9.655086509262154e-06
*FILE/TRANSFER,MONITOREO,2024-05-10,2,9.874164647235686e-06
*FILE/TRANSFER,FTP,2024-05-12,54699,0.33102282575119246
*FILE/TRANSFER,FTP,2024-07-10,56576,0.37907282689353067
*FILE/TRANSFER,FTP,2024-06-23,53666,0.3000507791827007
*FILE/TRANSFER,MONITOREO,2024-08-10,2,9.623789632408792e-06
*FILE/TRANSFER,MONITOREO,2024-06-20,2,9.827219331955646e-06
*FILE/TRANSFER,FTP,2024-06-20,58001,0.3808994534626376
*FILE/TRANSFER,FTP,2024-06-21,56612,0.36997036498730684
*FILE/TRANSFER,MONITOREO,2024-10-28,3,1.33168211011055e-05
*FILE/TRANSFER,FTP,2024-10-29,55433,0.3588383788593251
*FILE/TRANSFER,MONITOREO,2024-06-26,2,8.857016149501424e-06
*FILE/TRANSFER,FTP,2024-06-26,59320,0.3822885966386532
*FILE/TRANSFER,MONITOREO,2024-09-01,2,8.794422395794702e-06
*FILE/TRANSFER,FTP,2024-09-01,40981,0.2184276949818848
*FILE/TRANSFER,OPERACION,2024-09-24,8,4.010694768758331e-05
*FILE/TRANSFER,FTP,2024-09-24,56325,0.37126665032969014
*FILE/TRANSFER,OPERACION,2024-06-27,6,3.1218634661228524e-05
*FILE/TRANSFER,FTP,2024-06-27,58268,0.3804477612874461
*FILE/TRANSFER,FTP,2024-09-10,56408,0.3684529515615005
*FILE/TRANSFER,OPERACION,2024-09-10,8,3.918368982040913e-05
*FILE/TRANSFER,OPERACION,2024-09-11,2,1.0656586568569735e-05
*FILE/TRANSFER,MONITOREO,2024-09-11,2,9.107391164328321e-06
*FILE/TRANSFER,FTP,2024-08-02,57896,0.3791970129008843
*FILE/TRANSFER,FTP,2024-09-29,53924,0.29887539367559696
*FILE/TRANSFER,FTP,2024-10-27,53321,0.29650149426939537
*FILE/TRANSFER,FTP,2024-11-13,55273,0.35676302036142676
*FILE/TRANSFER,OPERACION,2024-11-13,2,1.1939758519557574e-05
*FILE/TRANSFER,FTP,2024-11-14,55629,0.35528771688344446
*FILE/TRANSFER,MONITOREO,2024-06-13,2,9.216930233315088e-06
*FILE/TRANSFER,MONITOREO,2024-06-10,2,8.60664113467453e-06
*FILE/TRANSFER,OPERACION,2024-08-15,8,3.81352444458215e-05
*FILE/TRANSFER,FTP,2024-08-15,55484,0.3655574271087942
*FILE/TRANSFER,FTP,2024-08-16,57070,0.3740944483409059
*FILE/TRANSFER,MONITOREO,2024-07-05,2,8.966555218488191e-06
*FILE/TRANSFER,FTP,2024-07-05,56007,0.3658409455162081
*FILE/TRANSFER,OPERACION,2024-05-24,2,1.0030649031502496e-05
*FILE/TRANSFER,MONITOREO,2024-05-24,2,9.498602124995344e-06
*FILE/TRANSFER,FTP,2024-10-10,55102,0.35856039999911804
*FILE/TRANSFER,OPERACION,2024-10-10,8,3.729022877078073e-05
*FILE/TRANSFER,MONITOREO,2024-10-10,2,8.903961464781467e-06
*FILE/TRANSFER,FTP,2024-10-11,56923,0.3710456317853519
*FILE/TRANSFER,FTP,2024-06-01,47350,0.27635650835767783
*FILE/TRANSFER,MONITOREO,2024-11-08,3,1.3786274253905928e-05
*FILE/TRANSFER,MONITOREO,2024-10-18,2,9.811570893528963e-06
*FILE/TRANSFER,OPERACION,2024-10-18,2,9.295172425448492e-06
*FILE/TRANSFER,MONITOREO,2024-11-01,3,1.3191633593692052e-05
*FILE/TRANSFER,MONITOREO,2024-10-17,2,9.43600837128862e-06
*FILE/TRANSFER,MONITOREO,2024-11-07,3,1.3974055515026099e-05
*FILE/TRANSFER,FTP,2024-11-07,56243,0.36630285612167335
*FILE/TRANSFER,MONITOREO,2024-11-17,2,8.841367711074743e-06
*FILE/TRANSFER,OPERACION,2024-06-21,2,1.0108891223635901e-05
*FILE/TRANSFER,FTP,2024-06-22,54404,0.363443651694554
*FILE/TRANSFER,FTP,2024-06-14,55836,0.3535412416159612
*FILE/TRANSFER,OPERACION,2024-05-09,8,3.708679907123388e-05
*FILE/TRANSFER,FTP,2024-05-09,55286,0.3514166687792046
*FILE/TRANSFER,MONITOREO,2024-05-08,2,9.29517242544849e-06
*FILE/TRANSFER,OPERACION,2024-05-08,2,9.044797410621597e-06
*FILE/TRANSFER,OPERACION,2024-05-07,8,3.556890054384583e-05
*FILE/TRANSFER,OPERACION,2024-05-06,2,1.0202781854195988e-05
*FILE/TRANSFER,MONITOREO,2024-05-06,2,9.529899001848706e-06
*FILE/TRANSFER,OPERACION,2024-04-23,10,4.713309654116306e-05
*FILE/TRANSFER,OPERACION,2024-04-19,2,9.717680262968879e-06
*FILE/TRANSFER,MONITOREO,2024-04-18,2,9.561195878702068e-06
*FILE/TRANSFER,OPERACION,2024-04-18,8,3.8072650692114784e-05
*FILE/TRANSFER,FTP,2024-04-17,56359,0.364154356822577
*FILE/TRANSFER,OPERACION,2024-04-17,2,1.1032149090810077e-05
*FILE/TRANSFER,MONITOREO,2024-04-16,2,9.73332870139556e-06
*FILE/TRANSFER,FTP,2024-04-15,55657,0.3468697333224423
*FILE/TRANSFER,MONITOREO,2024-04-15,2,9.154336479608364e-06
*FILE/TRANSFER,OPERACION,2024-04-15,2,1.1658086627877319e-05
*FILE/TRANSFER,FTP,2024-04-14,51456,0.2945036894323312
*FILE/TRANSFER,FTP,2024-04-13,54377,0.35717357279200185
*FILE/TRANSFER,FTP,2024-04-12,55894,0.3652320960738982
*FILE/TRANSFER,OPERACION,2024-04-11,8,3.8072650692114784e-05
*FILE/TRANSFER,FTP,2024-04-11,57850,0.3822585203399992
*FILE/TRANSFER,OPERACION,2024-04-10,2,9.639438070835473e-06
*FILE/TRANSFER,FTP,2024-04-10,56760,0.37350232707927694
*FILE/TRANSFER,OPERACION,2024-04-08,2,1.0687883445423097e-05
*FILE/TRANSFER,FTP,2024-04-08,56294,0.3586416466914315
*FILE/TRANSFER,MONITOREO,2024-04-07,2,8.434508311981039e-06
*FILE/TRANSFER,UNISYS_UNASSIGNED,2024-04-07,1,4.9918518581112265e-06
*FILE/TRANSFER,FTP,2024-04-06,55595,0.36794566048459815
*FILE/TRANSFER,MONITOREO,2024-04-06,2,1.173632882001072e-05
*FILE/TRANSFER,FTP,2024-04-05,55962,0.3658374715628747
*FILE/TRANSFER,MONITOREO,2024-04-05,2,9.295172425448492e-06
*FILE/TRANSFER,FTP,2024-04-04,55677,0.3621248482492659
*FILE/TRANSFER,OPERACION,2024-04-04,8,3.613224432720634e-05
*FILE/TRANSFER,FTP,2024-04-03,56895,0.3699384578213586
*FILE/TRANSFER,MONITOREO,2024-04-03,2,9.623789632408792e-06
*FILE/TRANSFER,FTP,2024-04-02,56457,0.37485115987790524
*FILE/TRANSFER,MONITOREO,2024-04-02,2,1.0155836538915945e-05
*FILE/TRANSFER,MONITOREO,2024-04-01,2,9.076094287474959e-06
*FILE/TRANSFER,OPERACION,2024-04-01,2,8.903961464781467e-06
*FILE/TRANSFER,UNISYS_UNASSIGNED,2024-03-30,1,6.478453508645919e-06
*FILE/TRANSFER,FTP,2024-03-30,57907,0.3763034132060962
*FILE/TRANSFER,FTP,2024-03-29,51404,0.30303377840622114
*FILE/TRANSFER,MONITOREO,2024-03-29,2,8.700531765234615e-06
*FILE/TRANSFER,OPERACION,2024-03-27,2,1.1110391282943484e-05
*FILE/TRANSFER,FTP,2024-03-26,58054,0.38199606473070263
*FILE/TRANSFER,FTP,2024-03-25,60758,0.36857884324865337
*FILE/TRANSFER,MONITOREO,2024-03-25,2,8.857016149501424e-06
*FILE/TRANSFER,MONITOREO,2024-08-03,2,8.919609903208148e-06
*FILE/TRANSFER,FTP,2024-08-03,54499,0.35800815095860106
*FILE/TRANSFER,MONITOREO,2024-08-04,2,8.278023927714229e-06
*FILE/TRANSFER,FTP,2024-03-23,56994,0.3794880738556232
*FILE/TRANSFER,MONITOREO,2024-03-23,2,9.889813085662367e-06
*FILE/TRANSFER,FTP,2024-03-22,57936,0.39098976998985535
*FILE/TRANSFER,MONITOREO,2024-03-21,2,9.263875548595128e-06
*FILE/TRANSFER,FTP,2024-03-20,57166,0.36975332114632853
*FILE/TRANSFER,MONITOREO,2024-03-20,2,9.216930233315087e-06
*FILE/TRANSFER,FTP,2024-03-19,55888,0.35474792399992366
*FILE/TRANSFER,OPERACION,2024-03-18,2,1.1955406957984255e-05
*FILE/TRANSFER,FTP,2024-03-17,53448,0.29961667585230656
*FILE/TRANSFER,MONITOREO,2024-03-15,2,9.404711494435258e-06
*FILE/TRANSFER,FTP,2024-03-15,55989,0.3668569203810659
*FILE/TRANSFER,OPERACION,2024-03-15,10,4.8729237260684515e-05
*FILE/TRANSFER,FTP,2024-03-16,54481,0.36398552582039095
*FILE/TRANSFER,OPERACION,2024-03-14,8,4.098326023947744e-05
*FILE/TRANSFER,MONITOREO,2024-03-14,2,9.326469302301854e-06
*FILE/TRANSFER,OPERACION,2024-03-13,4,1.8637290166177027e-05
*FILE/TRANSFER,FTP,2024-03-13,58576,0.3901874589032868
*FILE/TRANSFER,MONITOREO,2024-03-12,2,9.404711494435258e-06
*FILE/TRANSFER,OPERACION,2024-03-12,12,5.4049706325756046e-05
*FILE/TRANSFER,UNISYS_UNASSIGNED,2024-03-11,1,4.9918518581112265e-06
*FILE/TRANSFER,FTP,2024-03-11,59045,0.370036745663113
*FILE/TRANSFER,OPERACION,2024-03-11,4,2.1547899713539682e-05
*FILE/TRANSFER,MONITOREO,2024-03-11,2,9.26387554859513e-06
*FILE/TRANSFER,FTP,2024-03-10,51358,0.27687093512251304
*FILE/TRANSFER,MONITOREO,2024-05-21,2,9.232578671741768e-06
*FILE/TRANSFER,MONITOREO,2024-03-10,2,8.825719272648062e-06
*FILE/TRANSFER,MONITOREO,2024-03-09,2,9.389063056008576e-06
*FILE/TRANSFER,FTP,2024-03-09,54147,0.3521519263071225
*FILE/TRANSFER,OPERACION,2024-03-07,10,4.672623714206936e-05
*FILE/TRANSFER,FTP,2024-03-07,56678,0.36503149874170954
*FILE/TRANSFER,FTP,2024-03-06,56243,0.35901766301839083
*FILE/TRANSFER,OPERACION,2024-03-06,2,1.073482876070314e-05
*FILE/TRANSFER,MONITOREO,2024-03-06,2,9.310820863875173e-06
*FILE/TRANSFER,MONITOREO,2024-03-05,2,9.310820863875173e-06
*FILE/TRANSFER,FTP,2024-03-05,55715,0.35076724293606387
*FILE/TRANSFER,OPERACION,2024-03-04,2,1.2440508549211365e-05
*FILE/TRANSFER,MONITOREO,2024-03-04,2,9.123039602755002e-06
*FILE/TRANSFER,FTP,2024-03-03,52491,0.2890340125068627
*FILE/TRANSFER,MONITOREO,2024-03-03,2,8.231078612434185e-06
*FILE/TRANSFER,FTP,2024-03-02,54406,0.35794896856447733
*FILE/TRANSFER,MONITOREO,2024-03-02,2,9.999352154649136e-06
*FILE/TRANSFER,OPERACION,2024-03-01,4,1.818348545180328e-05
*FILE/TRANSFER,FTP,2024-03-01,52352,0.3087683990426921
*FILE/TRANSFER,MONITOREO,2024-03-01,2,9.263875548595131e-06
*FILE/TRANSFER,FTP,2024-02-29,58599,0.3800246431608301
*FILE/TRANSFER,OPERACION,2024-02-29,12,5.311080002015518e-05
*FILE/TRANSFER,FTP,2024-02-28,57924,0.36511773728588065
*FILE/TRANSFER,MONITOREO,2024-02-28,2,8.919609903208148e-06
*FILE/TRANSFER,OPERACION,2024-02-27,12,5.87755347306137e-05
*FILE/TRANSFER,MONITOREO,2024-02-27,2,8.841367711074743e-06
*FILE/TRANSFER,MONITOREO,2024-02-26,2,9.373414617581895e-06
*FILE/TRANSFER,OPERACION,2024-02-26,2,9.310820863875173e-06
*FILE/TRANSFER,MONITOREO,2024-02-24,2,8.872664587928105e-06
*FILE/TRANSFER,FTP,2024-02-23,58735,0.38582087169939244
*FILE/TRANSFER,MONITOREO,2024-02-23,2,9.09174272590164e-06
*FILE/TRANSFER,FTP,2024-02-25,62330,0.35305240004795185
*FILE/TRANSFER,MONITOREO,2024-02-25,2,8.184133297154142e-06
*FILE/TRANSFER,UNISYS_UNASSIGNED,2024-02-25,1,4.944906542831184e-06
*FILE/TRANSFER,MONITOREO,2024-02-22,2,9.24822711016845e-06
*FILE/TRANSFER,OPERACION,2024-02-22,8,4.045121333297029e-05
*FILE/TRANSFER,MONITOREO,2024-02-21,2,9.169984918035043e-06
*FILE/TRANSFER,OPERACION,2024-02-21,4,2.4521103014609068e-05
*FILE/TRANSFER,FTP,2024-02-21,56686,0.37200519402968163
*FILE/TRANSFER,FTP,2024-02-20,56830,0.36632858215445907
*FILE/TRANSFER,MONITOREO,2024-02-20,3,1.4709532121080103e-05
*FILE/TRANSFER,OPERACION,2024-02-20,10,4.8729237260684515e-05
*FILE/TRANSFER,FTP,2024-02-19,56545,0.34559246083274
*FILE/TRANSFER,OPERACION,2024-02-19,6,2.5726032773463506e-05
*FILE/TRANSFER,FTP,2024-02-17,54169,0.2941802675069299
*FILE/TRANSFER,MONITOREO,2024-02-17,2,8.215430174007504e-06
*FILE/TRANSFER,FTP,2024-02-16,55239,0.2980007085612934
*FILE/TRANSFER,FTP,2024-02-15,55979,0.30697389871767794
*FILE/TRANSFER,OPERACION,2024-02-15,12,4.694531528004289e-05
*FILE/TRANSFER,FTP,2024-02-14,56705,0.30535090527781494
*FILE/TRANSFER,OPERACION,2024-02-13,10,4.0623346155663785e-05
*FILE/TRANSFER,MONITOREO,2024-02-12,2,8.090242666594058e-06
*FILE/TRANSFER,FTP,2024-02-12,58480,0.31124366903303313
*FILE/TRANSFER,FTP,2024-02-11,54689,0.2668464828726288
*FILE/TRANSFER,FTP,2024-02-10,53927,0.2988504970100559
*FILE/TRANSFER,MONITOREO,2024-02-09,2,8.184133297154142e-06
*FILE/TRANSFER,FTP,2024-02-09,56630,0.30777084238987373
*FILE/TRANSFER,OPERACION,2024-02-08,12,4.8525807561137665e-05
*FILE/TRANSFER,OPERACION,2024-02-07,12,4.650715900409581e-05
*FILE/TRANSFER,FTP,2024-02-07,55759,0.3045613633170001
*FILE/TRANSFER,MONITOREO,2024-02-06,2,7.855516090193844e-06
*FILE/TRANSFER,OPERACION,2024-02-06,16,5.940147226768094e-05
*FILE/TRANSFER,FTP,2024-02-06,58618,0.31930658952612834
*FILE/TRANSFER,FTP,2024-02-05,55201,0.2923257710689842
*FILE/TRANSFER,MONITOREO,2024-02-05,2,7.933758282327249e-06
*FILE/TRANSFER,FTP,2024-02-03,53977,0.29632800003255266
*FILE/TRANSFER,MONITOREO,2024-02-03,2,8.340617681420953e-06
*FILE/TRANSFER,FTP,2024-02-02,55128,0.3030437621099397
*FILE/TRANSFER,MONITOREO,2024-02-02,2,8.09024266659406e-06
*FILE/TRANSFER,FTP,2024-02-01,46989,0.2314027385393216
*FILE/TRANSFER,MONITOREO,2024-02-01,2,7.745977021207076e-06
*FILE/TRANSFER,OPERACION,2024-01-31,12,4.758690125553681e-05
*FILE/TRANSFER,FTP,2024-01-30,56690,0.3138249102483876
*FILE/TRANSFER,OPERACION,2024-01-29,12,4.4848424530867635e-05
*FILE/TRANSFER,MONITOREO,2024-01-29,2,7.730328582780395e-06
*FILE/TRANSFER,FTP,2024-01-29,56787,0.30251072935181184
*FILE/TRANSFER,FTP,2024-01-28,53805,0.26251026928772514
*FILE/TRANSFER,MONITOREO,2024-01-28,2,7.46430512952682e-06
*FILE/TRANSFER,OPERACION,2024-01-26,12,4.6006408974442026e-05
*FILE/TRANSFER,MONITOREO,2024-01-26,2,8.544047380967806e-06
*FILE/TRANSFER,FTP,2024-01-25,63381,0.34980043546475403
*FILE/TRANSFER,MONITOREO,2024-01-25,2,7.96505515918061e-06
*FILE/TRANSFER,FTP,2024-01-24,55865,0.29671101121148596
*FILE/TRANSFER,MONITOREO,2024-01-24,2,8.043297351314015e-06
*FILE/TRANSFER,OPERACION,2024-01-24,14,5.4081003202609415e-05
*FILE/TRANSFER,OPERACION,2024-01-23,12,4.9245635728764994e-05
*FILE/TRANSFER,FTP,2024-01-23,55897,0.3025579250421068
*FILE/TRANSFER,FTP,2024-01-22,57454,0.3148767826309935
*FILE/TRANSFER,OPERACION,2024-01-22,14,5.459740167068988e-05
*FILE/TRANSFER,FTP,2024-01-21,51298,0.2517070881479691
*FILE/TRANSFER,MONITOREO,2024-01-20,2,8.12153954344742e-06
*FILE/TRANSFER,OPERACION,2024-01-19,6,2.2580696649700628e-05
*FILE/TRANSFER,OPERACION,2024-01-18,16,6.678753520507433e-05
*FILE/TRANSFER,MONITOREO,2024-01-17,2,7.933758282327249e-06
*FILE/TRANSFER,FTP,2024-01-18,55573,0.30305122641506904
*FILE/TRANSFER,MONITOREO,2024-01-18,2,8.058945789740697e-06
*FILE/TRANSFER,FTP,2024-01-16,55217,0.2934311611110037
*FILE/TRANSFER,MONITOREO,2024-01-16,2,7.933758282327249e-06
*FILE/TRANSFER,OPERACION,2024-01-16,16,5.933887851397421e-05
*FILE/TRANSFER,FTP,2024-01-15,57935,0.30621006714119453
*FILE/TRANSFER,MONITOREO,2024-01-14,2,7.213930114699924e-06
*FILE/TRANSFER,FTP,2024-01-14,54630,0.26262151403650097
*FILE/TRANSFER,OPERACION,2024-01-12,12,4.5333526122094744e-05
*FILE/TRANSFER,FTP,2024-01-12,56953,0.30650590086964863
*FILE/TRANSFER,FTP,2023-12-31,39296,0.20322794423021956
*FILE/TRANSFER,MONITOREO,2023-12-31,2,7.433008252673458e-06
*FILE/TRANSFER,MONITOREO,2024-01-11,2,8.246727050860867e-06
*FILE/TRANSFER,OPERACION,2024-01-09,12,4.680447933420276e-05
*FILE/TRANSFER,FTP,2024-01-09,54453,0.2893006775460885
*FILE/TRANSFER,FTP,2024-01-08,52580,0.2648894735145467
*FILE/TRANSFER,MONITOREO,2024-01-07,2,7.94940672075393e-06
*FILE/TRANSFER,FTP,2024-01-05,56393,0.29411856571421585
*FILE/TRANSFER,OPERACION,2024-01-05,14,5.635002677447814e-05
*FILE/TRANSFER,MONITOREO,2024-01-05,2,7.63643795222031e-06
*FILE/TRANSFER,FTP,2024-01-04,57691,0.3200005508250374
*FILE/TRANSFER,MONITOREO,2024-01-04,2,8.012000474460652e-06
*FILE/TRANSFER,FTP,2024-01-03,54028,0.28119811955845286
*FILE/TRANSFER,FTP,2024-01-02,53916,0.26645611692764104
*FILE/TRANSFER,OPERACION,2024-01-02,7,2.76194938230919e-05
*FILE/TRANSFER,FTP,2024-01-01,28655,0.12937128955964416
*FILE/TRANSFER,FTP,2023-12-30,53579,0.29066877357242005
*FILE/TRANSFER,MONITOREO,2023-12-30,2,8.434508311981039e-06
*FILE/TRANSFER,OPERACION,2023-12-30,4,1.5116391520173809e-05
*FILE/TRANSFER,MONITOREO,2023-12-29,2,7.8085707749138e-06
*FILE/TRANSFER,UNISYS_UNASSIGNED,2023-12-29,1,4.193781498350498e-06
*FILE/TRANSFER,OPERACION,2023-12-29,14,5.588057362167772e-05
*FILE/TRANSFER,OPERACION,2023-12-28,12,4.581862771332186e-05
*FILE/TRANSFER,MONITOREO,2023-12-28,2,7.745977021207076e-06
*FILE/TRANSFER,MONITOREO,2023-12-26,2,7.714680144353714e-06
*FILE/TRANSFER,OPERACION,2023-12-26,14,5.653780803559832e-05
*FILE/TRANSFER,MONITOREO,2023-12-25,2,7.495602006380181e-06
*FILE/TRANSFER,FTP,2023-12-25,58930,0.29590974857028757
*FILE/TRANSFER,FTP,2023-12-24,54297,0.2673449482302776
*FILE/TRANSFER,MONITOREO,2023-12-24,2,7.620789513793629e-06
*FILE/TRANSFER,FTP,2023-12-23,57952,0.3219913764585642
*FILE/TRANSFER,MONITOREO,2023-12-22,2,7.980703597607292e-06
*FILE/TRANSFER,OPERACION,2023-12-22,8,3.223578315896278e-05
*FILE/TRANSFER,FTP,2023-12-21,57500,0.31707612370654165
*FILE/TRANSFER,MONITOREO,2023-12-21,2,8.387562996700996e-06
*FILE/TRANSFER,OPERACION,2023-12-21,18,7.235837928497277e-05
*FILE/TRANSFER,FTP,2023-12-20,56960,0.31198720458487
*FILE/TRANSFER,OPERACION,2023-12-19,18,7.021454322051748e-05
*FILE/TRANSFER,MONITOREO,2023-12-18,2,7.79292233648712e-06
*FILE/TRANSFER,OPERACION,2023-12-18,16,6.425248817995204e-05
*FILE/TRANSFER,FTP,2023-12-17,54189,0.2645511073304566
*FILE/TRANSFER,MONITOREO,2023-12-16,2,8.058945789740696e-06
*FILE/TRANSFER,FTP,2023-12-16,50602,0.2843279011344214
*FILE/TRANSFER,FTP,2023-12-15,55860,0.30587833589498925
*FILE/TRANSFER,MONITOREO,2023-12-15,2,7.855516090193844e-06
*FILE/TRANSFER,OPERACION,2023-12-14,10,3.973138516534297e-05
*FILE/TRANSFER,FTP,2023-12-14,54924,0.29428852340397016
*FILE/TRANSFER,MONITOREO,2023-12-13,2,7.558195760086905e-06
*FILE/TRANSFER,OPERACION,2023-12-13,12,5.051315924132614e-05
*FILE/TRANSFER,FTP,2023-12-13,56293,0.30350038354323056
*FILE/TRANSFER,FTP,2023-12-12,55706,0.29938933533884043
*FILE/TRANSFER,OPERACION,2023-12-12,12,4.779033095508365e-05
*FILE/TRANSFER,OPERACION,2023-12-11,12,4.591251834388195e-05
*FILE/TRANSFER,MONITOREO,2023-12-11,2,8.105891105020739e-06
*FILE/TRANSFER,MONITOREO,2023-12-10,2,7.354766060540052e-06
*FILE/TRANSFER,FTP,2023-12-10,53014,0.25880179281029186
*FILE/TRANSFER,FTP,2023-12-09,52357,0.29180688449919423
*FILE/TRANSFER,MONITOREO,2023-12-09,2,7.79292233648712e-06
*FILE/TRANSFER,FTP,2023-12-08,54098,0.27594828754444434
*FILE/TRANSFER,MONITOREO,2023-12-08,2,8.12153954344742e-06
*FILE/TRANSFER,OPERACION,2023-12-07,36,0.00014828460253122881
*FILE/TRANSFER,MONITOREO,2023-12-07,4,1.6024000948921305e-05
*FILE/TRANSFER,FTP,2023-12-07,115654,0.6414292094377765
*FILE/TRANSFER,FTP,2023-12-06,55802,0.3042625876821167
*FILE/TRANSFER,MONITOREO,2023-12-06,2,8.231078612434185e-06
*FILE/TRANSFER,OPERACION,2023-12-05,18,6.725698835787477e-05
*FILE/TRANSFER,FTP,2023-12-05,54355,0.29368790504027165
*FILE/TRANSFER,MONITOREO,2023-12-05,2,8.371914558274315e-06
*FILE/TRANSFER,MONITOREO,2023-12-04,2,7.871164528620525e-06
*FILE/TRANSFER,FTP,2023-12-02,54247,0.2994583136554264
*FILE/TRANSFER,MONITOREO,2023-12-02,2,8.403211435127677e-06
*FILE/TRANSFER,MONITOREO,2023-12-01,2,7.8085707749138e-06
*FILE/TRANSFER,OPERACION,2023-12-01,14,5.27821828131949e-05
*FILE/TRANSFER,MONITOREO,2023-12-03,2,7.4799535679535e-06
*FILE/TRANSFER,FTP,2023-11-30,56527,0.3096724406274816
*FILE/TRANSFER,MONITOREO,2023-11-30,2,8.199781735580825e-06
*FILE/TRANSFER,OPERACION,2023-11-29,18,7.01988947820908e-05
*FILE/TRANSFER,MONITOREO,2023-11-29,2,8.027648912887333e-06
*FILE/TRANSFER,FTP,2023-11-29,57540,0.3097944827987723
*FILE/TRANSFER,FTP,2023-11-28,55655,0.3025522133620814
*FILE/TRANSFER,MONITOREO,2023-11-28,2,7.636437952220309e-06
*FILE/TRANSFER,FTP,2023-11-27,57164,0.3079963520360376
*FILE/TRANSFER,MONITOREO,2023-11-26,2,7.276523868406648e-06
*FILE/TRANSFER,FTP,2023-11-25,51045,0.27474149562141265
*FILE/TRANSFER,MONITOREO,2023-11-25,2,7.980703597607292e-06
*FILE/TRANSFER,FTP,2023-11-24,56322,0.30243481877700523
*FILE/TRANSFER,MONITOREO,2023-11-24,2,7.933758282327249e-06
*FILE/TRANSFER,OPERACION,2023-11-24,4,1.691596193924212e-05
*FILE/TRANSFER,OPERACION,2023-11-23,18,7.055880886590447e-05
*FILE/TRANSFER,FTP,2023-11-23,56093,0.2983125193453897
*FILE/TRANSFER,OPERACION,2023-11-22,16,6.112280049461583e-05
*FILE/TRANSFER,FTP,2023-11-21,55670,0.29247843723427003
*FILE/TRANSFER,OPERACION,2023-11-21,16,6.137317550944274e-05
*FILE/TRANSFER,UNISYS_UNASSIGNED,2023-11-21,1,4.5536955821641605e-06
*FILE/TRANSFER,MONITOREO,2023-11-20,2,7.65208639064699e-06
*FILE/TRANSFER,FTP,2023-11-19,49251,0.23285194042201693
*FILE/TRANSFER,MONITOREO,2023-11-19,2,7.464305129526819e-06
*FILE/TRANSFER,MONITOREO,2023-11-17,2,7.3234691836866904e-06
*FILE/TRANSFER,OPERACION,2023-11-17,16,6.509750385499281e-05
*FILE/TRANSFER,MONITOREO,2023-11-16,2,7.636437952220309e-06
*FILE/TRANSFER,OPERACION,2023-11-16,20,8.396952059757003e-05
*FILE/TRANSFER,OPERACION,2023-11-15,16,6.453416007163229e-05
*FILE/TRANSFER,FTP,2023-11-15,55240,0.2894362869134993
*FILE/TRANSFER,MONITOREO,2023-11-15,2,7.824219213340482e-06
*FILE/TRANSFER,OPERACION,2023-11-14,16,7.13568792256652e-05
*FILE/TRANSFER,MONITOREO,2023-11-13,2,7.292172306833329e-06
*FILE/TRANSFER,MONITOREO,2023-11-12,2,7.620789513793628e-06
*FILE/TRANSFER,MONITOREO,2023-11-11,2,7.370414498966734e-06
*FILE/TRANSFER,FTP,2023-11-10,57140,0.2844803795184517
*FILE/TRANSFER,MONITOREO,2023-11-10,2,7.198281676273243e-06
*FILE/TRANSFER,OPERACION,2023-11-09,26,9.982138872379785e-05
*FILE/TRANSFER,FTP,2023-11-09,56413,0.2877819496514662
*FILE/TRANSFER,MONITOREO,2023-11-08,2,7.65208639064699e-06
*FILE/TRANSFER,MONITOREO,2024-10-07,2,1.0155836538915945e-05
*FILE/TRANSFER,OPERACION,2023-11-08,14,5.547371422258401e-05
*FILE/TRANSFER,UNISYS_UNASSIGNED,2023-11-08,1,4.5536955821641605e-06
*FILE/TRANSFER,FTP,2023-11-08,56888,0.2940587886794245
*FILE/TRANSFER,FTP,2023-11-07,56474,0.27927103001465153
*FILE/TRANSFER,OPERACION,2023-11-07,22,8.281153615399565e-05
*FILE/TRANSFER,FTP,2023-11-05,28964,0.11963739751446513
*FILE/TRANSFER,MONITOREO,2023-11-05,1,3.771273660830112e-06
*FILE/TRANSFER,FTP,2023-11-06,52258,0.2368249381026107
*FILE/TRANSFER,MONITOREO,2023-11-06,2,6.744476961899494e-06
*FILE/TRANSFER,FTP,2023-11-04,54434,0.3148951538976738
*FILE/TRANSFER,MONITOREO,2023-11-04,2,8.12153954344742e-06
*FILE/TRANSFER,FTP,2023-11-03,56964,0.3261963465903692
*FILE/TRANSFER,MONITOREO,2023-11-03,2,8.387562996700996e-06
*FILE/TRANSFER,MONITOREO,2023-11-02,2,7.63643795222031e-06
*FILE/TRANSFER,OPERACION,2023-11-02,26,0.0001079429282672453
*FILE/TRANSFER,MONITOREO,2023-11-01,2,8.215430174007506e-06
*FILE/TRANSFER,OPERACION,2023-11-01,22,8.795987239637368e-05
*FILE/TRANSFER,OPERACION,2023-10-31,28,0.00011010241277012727
*FILE/TRANSFER,MONITOREO,2023-10-31,2,8.105891105020739e-06
*FILE/TRANSFER,FTP,2023-10-31,57057,0.3262402248117141
*FILE/TRANSFER,FTP,2023-10-30,58517,0.3191514509075516
*FILE/TRANSFER,OPERACION,2023-10-30,22,9.385933368323241e-05
*FILE/TRANSFER,FTP,2023-10-29,51427,0.24600676888849296
*FILE/TRANSFER,OPERACION,2023-10-28,6,2.9575548626427017e-05
*FILE/TRANSFER,MONITOREO,2023-10-28,2,7.996352036033971e-06
*FILE/TRANSFER,FTP,2023-10-27,57571,0.326354035904393
*FILE/TRANSFER,MONITOREO,2023-10-27,2,7.886812967047206e-06
*FILE/TRANSFER,OPERACION,2023-10-27,16,6.127928487888264e-05
*FILE/TRANSFER,FTP,2023-10-26,55696,0.3548475576073884
*FILE/TRANSFER,MONITOREO,2023-10-26,2,8.684883326807934e-06
*FILE/TRANSFER,MONITOREO,2023-10-25,2,8.794422395794702e-06
*FILE/TRANSFER,OPERACION,2023-10-25,38,0.00017975361220728416
*FILE/TRANSFER,FTP,2023-10-24,53184,0.3409458761200692
*FILE/TRANSFER,MONITOREO,2023-10-24,2,8.982203656914873e-06
*FILE/TRANSFER,OPERACION,2023-10-24,18,8.274894240028892e-05
*FILE/TRANSFER,MONITOREO,2023-10-23,2,7.5738441985135856e-06
*FILE/TRANSFER,OPERACION,2023-10-23,26,0.00010562695938009647
*FILE/TRANSFER,MONITOREO,2023-10-22,2,7.511250444806862e-06
*FILE/TRANSFER,FTP,2023-10-21,53883,0.30377272896557717
*FILE/TRANSFER,UNISYS_UNASSIGNED,2023-10-21,1,4.178133059923817e-06
*FILE/TRANSFER,MONITOREO,2023-10-21,2,8.121539543447418e-06
*FILE/TRANSFER,FTP,2023-10-20,56500,0.31869022883337145
*FILE/TRANSFER,OPERACION,2023-10-19,16,6.0136948873734944e-05
*FILE/TRANSFER,MONITOREO,2023-10-18,2,8.012000474460654e-06
*FILE/TRANSFER,OPERACION,2023-10-18,10,3.976268204219633e-05
*FILE/TRANSFER,OPERACION,2023-10-17,18,6.697531646619452e-05
*FILE/TRANSFER,FTP,2023-10-17,55293,0.2982123223941169
*FILE/TRANSFER,FTP,2023-10-16,51809,0.25865382117651864
*FILE/TRANSFER,FTP,2023-10-15,52069,0.2585043785895146
*FILE/TRANSFER,MONITOREO,2023-10-15,2,7.667734829073671e-06
*FILE/TRANSFER,FTP,2023-10-14,54478,0.30577746606086365
*FILE/TRANSFER,MONITOREO,2023-10-13,2,8.215430174007504e-06
*FILE/TRANSFER,OPERACION,2023-10-13,12,4.539611987580148e-05
*FILE/TRANSFER,FTP,2023-10-13,56429,0.3127145283544919
*FILE/TRANSFER,FTP,2023-10-12,53143,0.280233455923168
*FILE/TRANSFER,OPERACION,2023-10-11,14,5.3063854704875136e-05
*FILE/TRANSFER,MONITOREO,2023-10-10,2,8.747477080514657e-06
*FILE/TRANSFER,OPERACION,2023-10-10,18,6.993287132883721e-05
*FILE/TRANSFER,FTP,2023-10-09,55881,0.29568996625256155
*FILE/TRANSFER,MONITOREO,2024-07-21,3,1.2409211672358004e-05
*FILE/TRANSFER,OPERACION,2024-07-22,2,8.7944223957947e-06
*FILE/TRANSFER,FTP,2023-10-08,51866,0.24828975086742375
*FILE/TRANSFER,FTP,2023-10-07,54910,0.30941974964375446
*FILE/TRANSFER,MONITOREO,2023-10-07,2,8.575344257821167e-06
*FILE/TRANSFER,FTP,2023-10-06,56368,0.3116172129066903
*FILE/TRANSFER,MONITOREO,2023-10-06,2,8.340617681420953e-06
*FILE/TRANSFER,FTP,2023-10-05,56149,0.31063630619235777
*FILE/TRANSFER,MONITOREO,2023-10-05,2,8.246727050860867e-06
*FILE/TRANSFER,MONITOREO,2023-10-04,2,7.949406720753928e-06
*FILE/TRANSFER,MONITOREO,2023-10-03,2,7.871164528620525e-06
*FILE/TRANSFER,OPERACION,2023-10-02,14,5.450351104012979e-05
*FILE/TRANSFER,FTP,2023-10-02,55500,0.31121877236747864
*FILE/TRANSFER,MONITOREO,2023-10-02,2,8.982203656914873e-06
*FILE/TRANSFER,FTP,2023-10-01,40900,0.19330087221264755
*FILE/TRANSFER,OPERACION,2023-09-29,14,5.475388605495669e-05
*FILE/TRANSFER,MONITOREO,2023-09-29,2,7.699031705927033e-06
*FILE/TRANSFER,FTP,2023-09-28,56697,0.3180401301073612
*FILE/TRANSFER,OPERACION,2023-09-28,16,5.9777034789921277e-05
*FILE/TRANSFER,OPERACION,2023-09-27,16,5.9573605090374426e-05
*FILE/TRANSFER,MONITOREO,2023-09-26,2,8.027648912887333e-06
*FILE/TRANSFER,FTP,2023-09-25,63583,0.35485270594361945
*FILE/TRANSFER,OPERACION,2023-09-25,16,5.971444103621455e-05
*FILE/TRANSFER,MONITOREO,2023-09-23,2,8.074594228167377e-06
*FILE/TRANSFER,FTP,2023-09-24,54292,0.2633382594617239
*FILE/TRANSFER,MONITOREO,2023-09-24,2,7.1200394841398385e-06
*FILE/TRANSFER,FTP,2023-09-22,56610,0.3202183927363586
*FILE/TRANSFER,MONITOREO,2023-09-22,2,7.965055159180611e-06
*FILE/TRANSFER,OPERACION,2023-09-22,14,5.772708935602608e-05
*FILE/TRANSFER,MONITOREO,2023-09-20,2,7.667734829073671e-06
*FILE/TRANSFER,OPERACION,2023-09-20,16,6.184262866224316e-05
*FILE/TRANSFER,FTP,2023-09-19,55592,0.3074920811077246
*FILE/TRANSFER,MONITOREO,2023-09-19,2,8.262375489287548e-06
*FILE/TRANSFER,OPERACION,2023-09-19,20,8.447027062722382e-05
*FILE/TRANSFER,OPERACION,2023-09-18,14,5.37680344340758e-05
*FILE/TRANSFER,FTP,2023-09-18,56048,0.30536417515357417
*FILE/TRANSFER,MONITOREO,2024-07-02,2,9.201281794888407e-06
*FILE/TRANSFER,FTP,2024-07-02,57363,0.3637692956982123
*FILE/TRANSFER,FTP,2023-09-17,53524,0.25426770472145643
*FILE/TRANSFER,MONITOREO,2023-09-16,2,8.622289573101212e-06
*FILE/TRANSFER,FTP,2023-09-15,55958,0.3131221545270643
*FILE/TRANSFER,FTP,2023-09-14,55833,0.3084677299467486
*FILE/TRANSFER,FTP,2023-09-13,56353,0.31245731497206747
*FILE/TRANSFER,OPERACION,2023-09-13,14,5.619354239021134e-05
*FILE/TRANSFER,MONITOREO,2023-09-13,2,8.434508311981039e-06
*FILE/TRANSFER,FTP,2023-09-12,56045,0.3138465207418381
*FILE/TRANSFER,MONITOREO,2023-09-12,2,8.684883326807934e-06
*FILE/TRANSFER,FTP,2023-09-11,57770,0.3170910210199061
*FILE/TRANSFER,FTP,2023-09-10,45960,0.21432605148894873
*FILE/TRANSFER,MONITOREO,2023-09-10,2,7.965055159180611e-06
*FILE/TRANSFER,FTP,2023-09-09,54479,0.3054204312897248
*FILE/TRANSFER,MONITOREO,2023-09-08,2,7.526898883233542e-06
*FILE/TRANSFER,FTP,2023-09-08,55735,0.3075981305749407
*FILE/TRANSFER,FTP,2023-09-07,55181,0.3087673193004275
*FILE/TRANSFER,MONITOREO,2023-09-07,2,8.090242666594058e-06
*FILE/TRANSFER,OPERACION,2023-09-06,14,5.4487862601703115e-05
*FILE/TRANSFER,FTP,2023-09-06,55153,0.30689321536913
*FILE/TRANSFER,MONITOREO,2023-09-06,2,8.074594228167377e-06
*FILE/TRANSFER,MONITOREO,2023-09-05,2,8.29367236614091e-06
*FILE/TRANSFER,FTP,2023-09-04,55539,0.2954571644340752
*FILE/TRANSFER,MONITOREO,2023-09-04,2,8.168484858727461e-06
*FILE/TRANSFER,FTP,2023-09-03,48524,0.22769909742932523
*FILE/TRANSFER,MONITOREO,2023-09-03,2,7.0730941688597945e-06
*FILE/TRANSFER,MONITOREO,2023-09-02,2,8.168484858727463e-06
*FILE/TRANSFER,MONITOREO,2023-09-01,2,8.888313026354786e-06
*FILE/TRANSFER,OPERACION,2023-08-31,16,6.071594109552214e-05
*FILE/TRANSFER,FTP,2023-08-31,56870,0.3284018062053441
*FILE/TRANSFER,UNISYS_UNASSIGNED,2023-08-31,1,4.3033205673372645e-06
*FILE/TRANSFER,MONITOREO,2023-08-30,2,8.168484858727463e-06
*FILE/TRANSFER,OPERACION,2023-08-30,14,5.3361175034982086e-05
*FILE/TRANSFER,FTP,2023-08-29,56413,0.3236655089951956
*FILE/TRANSFER,MONITOREO,2023-08-29,2,8.043297351314015e-06
*FILE/TRANSFER,MONITOREO,2023-08-28,2,7.918109843900568e-06
*FILE/TRANSFER,FTP,2023-08-27,48993,0.23099270250722645
*FILE/TRANSFER,MONITOREO,2023-08-27,2,7.245226991553286e-06
*FILE/TRANSFER,FTP,2023-08-26,54553,0.3100125750851261
*FILE/TRANSFER,MONITOREO,2023-08-26,2,8.278023927714229e-06
*FILE/TRANSFER,OPERACION,2023-08-26,2,7.65208639064699e-06
*FILE/TRANSFER,OPERACION,2023-08-25,20,7.866469997092521e-05
*FILE/TRANSFER,MONITOREO,2023-08-24,2,8.340617681420953e-06
*FILE/TRANSFER,FTP,2023-08-23,55776,0.3124589111128056
*FILE/TRANSFER,OPERACION,2023-08-23,16,6.215559743077678e-05
*FILE/TRANSFER,MONITOREO,2023-08-23,2,8.262375489287548e-06
*FILE/TRANSFER,OPERACION,2023-08-22,18,7.012065258995739e-05
*FILE/TRANSFER,FTP,2023-08-20,49697,0.23908222534565396
*FILE/TRANSFER,MONITOREO,2023-08-19,2,8.403211435127677e-06
*FILE/TRANSFER,FTP,2023-08-19,52852,0.3013063629367342
*FILE/TRANSFER,FTP,2023-08-18,55777,0.31291512568669366
*FILE/TRANSFER,OPERACION,2023-08-18,14,5.2578753113648034e-05
*FILE/TRANSFER,OPERACION,2023-08-17,18,6.890007439267627e-05
*FILE/TRANSFER,FTP,2023-08-17,55951,0.31867077782441416
*FILE/TRANSFER,MONITOREO,2023-08-17,2,8.168484858727461e-06
*FILE/TRANSFER,MONITOREO,2023-08-16,2,8.356266119847634e-06
*FILE/TRANSFER,FTP,2023-08-16,56634,0.3165019825006736
*FILE/TRANSFER,OPERACION,2023-08-15,12,4.375303384099997e-05
*FILE/TRANSFER,MONITOREO,2023-08-15,2,8.45015675040772e-06
*FILE/TRANSFER,FTP,2023-08-14,56743,0.31189199948548135
*FILE/TRANSFER,FTP,2023-08-13,51059,0.24561028440411153
*FILE/TRANSFER,FTP,2023-08-12,52650,0.29874953328532594
*FILE/TRANSFER,MONITOREO,2023-08-12,2,8.324969242994272e-06
*FILE/TRANSFER,FTP,2023-08-11,57352,0.32383042788777455
*FILE/TRANSFER,MONITOREO,2023-08-11,2,8.528398942541125e-06
*FILE/TRANSFER,OPERACION,2023-08-10,18,7.079353544230468e-05
*FILE/TRANSFER,FTP,2023-08-10,54393,0.3063120167175448
*FILE/TRANSFER,FTP,2023-08-09,54090,0.29871219611124
*FILE/TRANSFER,MONITOREO,2023-08-09,2,7.683383267500352e-06
*FILE/TRANSFER,FTP,2023-08-08,54190,0.3022252861864725
*FILE/TRANSFER,FTP,2023-08-07,51370,0.2631221545270825
*FILE/TRANSFER,UNISYS_UNASSIGNED,2023-08-07,1,3.880812729816879e-06
*FILE/TRANSFER,MONITOREO,2023-08-07,2,7.4799535679535e-06
*FILE/TRANSFER,FTP,2023-08-06,53152,0.25697253730353314
*FILE/TRANSFER,MONITOREO,2023-08-06,2,7.166984799419881e-06
*FILE/TRANSFER,FTP,2023-08-05,53438,0.30667811193453814
*FILE/TRANSFER,MONITOREO,2023-08-05,2,8.700531765234614e-06
*FILE/TRANSFER,MONITOREO,2023-08-04,2,7.996352036033973e-06
*FILE/TRANSFER,OPERACION,2023-08-04,16,6.309450373637766e-05
*FILE/TRANSFER,FTP,2023-08-03,55742,0.3171656171259056
*FILE/TRANSFER,MONITOREO,2023-08-03,2,8.29367236614091e-06
*FILE/TRANSFER,FTP,2023-08-02,55645,0.31151495036159194
*FILE/TRANSFER,FTP,2023-08-01,47955,0.24267141377694842
*FILE/TRANSFER,MONITOREO,2023-08-01,2,8.45015675040772e-06
*FILE/TRANSFER,UNISYS_UNASSIGNED,2023-08-01,1,4.397211197897351e-06
*FILE/TRANSFER,OPERACION,2023-08-01,16,6.168614427797636e-05
*FILE/TRANSFER,OPERACION,2023-07-31,12,4.9699440443138734e-05
*FILE/TRANSFER,MONITOREO,2023-07-30,2,7.511250444806862e-06
*FILE/TRANSFER,FTP,2023-07-30,50457,0.24025257205558706
*FILE/TRANSFER,FTP,2023-07-29,53174,0.30331660828234563
*FILE/TRANSFER,FTP,2024-05-15,57274,0.36825750256555606
*FILE/TRANSFER,OPERACION,2024-05-15,4,1.913804019583082e-05
*FILE/TRANSFER,MONITOREO,2024-05-15,2,9.76462557824892e-06
*FILE/TRANSFER,MONITOREO,2024-05-16,2,9.717680262968879e-06
*FILE/TRANSFER,MONITOREO,2023-07-28,2,8.199781735580823e-06
*FILE/TRANSFER,OPERACION,2023-07-28,14,6.365784751973816e-05
*FILE/TRANSFER,FTP,2023-07-27,55208,0.3076386600304836
*FILE/TRANSFER,UNISYS_UNASSIGNED,2023-07-26,1,4.459804951604074e-06
*FILE/TRANSFER,OPERACION,2023-07-26,16,5.977703478992126e-05
*FILE/TRANSFER,FTP,2023-07-25,60491,0.34474656884515237
*FILE/TRANSFER,FTP,2024-05-16,55874,0.3575272118520073
*FILE/TRANSFER,OPERACION,2024-05-16,10,4.7884221585643745e-05
*FILE/TRANSFER,MONITOREO,2023-07-24,2,7.839867651767163e-06
*FILE/TRANSFER,OPERACION,2023-07-21,14,5.282912812847493e-05
*FILE/TRANSFER,FTP,2023-07-20,50480,0.2744965662631589
*FILE/TRANSFER,MONITOREO,2023-07-20,2,8.371914558274315e-06
*FILE/TRANSFER,OPERACION,2023-07-19,16,6.0293433258001755e-05
*FILE/TRANSFER,MONITOREO,2023-07-19,2,8.62228957310121e-06
*FILE/TRANSFER,MONITOREO,2023-07-18,2,8.45015675040772e-06
*FILE/TRANSFER,OPERACION,2023-07-18,18,6.872794156998278e-05
*FILE/TRANSFER,FTP,2023-07-18,54578,0.31105756215481706
*FILE/TRANSFER,FTP,2023-07-17,54864,0.3060713906798551
*FILE/TRANSFER,MONITOREO,2023-07-17,2,7.699031705927033e-06
*FILE/TRANSFER,FTP,2023-07-16,52645,0.2830438998161969
*FILE/TRANSFER,MONITOREO,2023-07-15,2,8.058945789740696e-06
*FILE/TRANSFER,OPERACION,2023-07-14,14,5.4879073562370145e-05
*FILE/TRANSFER,MONITOREO,2023-07-14,2,8.512750504114444e-06
*FILE/TRANSFER,FTP,2023-07-13,56329,0.3130761168212307
*FILE/TRANSFER,MONITOREO,2023-07-13,2,9.842867770382325e-06
*FILE/TRANSFER,OPERACION,2023-07-12,16,5.8853776922747105e-05
*FILE/TRANSFER,FTP,2023-07-12,55233,0.30319541112673065
*FILE/TRANSFER,FTP,2023-07-11,56658,0.3117183644127058
*FILE/TRANSFER,MONITOREO,2023-07-11,2,7.605141075366948e-06
*FILE/TRANSFER,OPERACION,2023-07-10,20,7.592622324625603e-05
*FILE/TRANSFER,MONITOREO,2023-07-10,2,8.215430174007504e-06
*FILE/TRANSFER,FTP,2023-07-09,49568,0.22871605814584486
*FILE/TRANSFER,MONITOREO,2023-07-08,2,7.777273898060438e-06
*FILE/TRANSFER,OPERACION,2023-07-07,14,5.636567521290483e-05
*FILE/TRANSFER,MONITOREO,2023-07-07,2,8.105891105020739e-06
*FILE/TRANSFER,MONITOREO,2023-07-05,2,8.043297351314016e-06
*FILE/TRANSFER,OPERACION,2023-07-05,12,4.9167393536631585e-05
*FILE/TRANSFER,FTP,2023-07-04,55876,0.31050636155967704
*FILE/TRANSFER,FTP,2023-07-03,52571,0.27407122605828177
*FILE/TRANSFER,MONITOREO,2023-07-03,2,8.027648912887335e-06
*FILE/TRANSFER,FTP,2023-07-02,52347,0.2878062516763445
*FILE/TRANSFER,MONITOREO,2023-07-02,2,8.262375489287548e-06
*FILE/TRANSFER,MONITOREO,2023-07-01,2,8.60664113467453e-06
*FILE/TRANSFER,OPERACION,2024-07-29,6,3.1875869075149115e-05
*FILE/TRANSFER,OPERACION,2024-11-12,8,3.7744033485154485e-05
*FILE/TRANSFER,MONITOREO,2024-11-13,3,1.3895813322892695e-05
*FILE/TRANSFER,MONITOREO,2024-06-02,2,9.561195878702068e-06
*FILE/TRANSFER,FTP,2024-06-02,53166,0.33050542578305636
*FILE/TRANSFER,MONITOREO,2024-07-04,2,1.054704749958297e-05
*FILE/TRANSFER,FTP,2024-07-04,57741,0.37747970632262556
*FILE/TRANSFER,OPERACION,2024-07-12,2,9.169984918035045e-06
*FILE/TRANSFER,MONITOREO,2024-07-12,2,9.576844317128749e-06
*FILE/TRANSFER,MONITOREO,2024-07-08,2,8.997852095341554e-06
*FILE/TRANSFER,FTP,2024-07-08,55858,0.34890831799003885
*FILE/TRANSFER,FTP,2024-08-11,58736,0.34296385179427147
*FILE/TRANSFER,MONITOREO,2024-06-15,2,9.4516568097153e-06
*FILE/TRANSFER,MONITOREO,2024-08-24,2,1.0046297469929177e-05
*FILE/TRANSFER,FTP,2024-08-24,55647,0.36312008893320497
*FILE/TRANSFER,FTP,2024-11-10,52922,0.2959128469610966
*FILE/TRANSFER,FTP,2024-09-21,54224,0.35792574628184753
*FILE/TRANSFER,FTP,2024-10-14,51758,0.2960921937139093
*FILE/TRANSFER,MONITOREO,2024-10-13,2,8.231078612434185e-06
*FILE/TRANSFER,FTP,2024-10-13,52690,0.29178167486487133
*FILE/TRANSFER,MONITOREO,2024-10-24,5,2.403600142338196e-05
*FILE/TRANSFER,MONITOREO,2024-06-05,2,9.4516568097153e-06
*FILE/TRANSFER,FTP,2024-06-05,56502,0.36830573105279135
*FILE/TRANSFER,MONITOREO,2024-09-12,2,9.326469302301856e-06
*FILE/TRANSFER,OPERACION,2024-06-17,2,9.905461524089048e-06
*FILE/TRANSFER,FTP,2024-06-17,56661,0.3634100075519316
*FILE/TRANSFER,OPERACION,2024-10-31,8,3.854210384491521e-05
*FILE/TRANSFER,MONITOREO,2024-10-31,3,1.4240078968279675e-05
*FILE/TRANSFER,FTP,2024-10-31,58274,0.39218360500586397
*FILE/TRANSFER,OPERACION,2024-11-01,2,1.0750477199129821e-05
*FILE/TRANSFER,OPERACION,2024-09-13,2,1.0453156869022883e-05
*FILE/TRANSFER,FTP,2024-09-13,55903,0.3663183637241564
*FILE/TRANSFER,FTP,2024-06-28,57275,0.3814847207082354
*FILE/TRANSFER,MONITOREO,2024-08-19,2,8.637938011527893e-06
*FILE/TRANSFER,FTP,2023-07-01,46988,0.23777385940879583
*FILE/TRANSFER,MONITOREO,2023-07-04,2,8.324969242994272e-06
*FILE/TRANSFER,OPERACION,2023-07-04,18,7.587927793097599e-05
*FILE/TRANSFER,FTP,2023-07-06,55740,0.3159240856695749
*FILE/TRANSFER,OPERACION,2023-07-08,10,3.836997102222172e-05
*FILE/TRANSFER,FTP,2023-07-08,54557,0.30540655112486115
*FILE/TRANSFER,OPERACION,2023-07-09,4,1.2002352273264298e-05
*FILE/TRANSFER,MONITOREO,2023-07-09,2,6.697531646619453e-06
*FILE/TRANSFER,FTP,2023-07-10,57448,0.30834822282250185
*FILE/TRANSFER,MONITOREO,2023-07-12,2,8.074594228167378e-06
*FILE/TRANSFER,OPERACION,2023-07-13,18,6.742912118056827e-05
*FILE/TRANSFER,FTP,2023-07-15,56417,0.31536909815233083
*FILE/TRANSFER,UNISYS_UNASSIGNED,2023-07-16,1,3.8182189761101545e-06
*FILE/TRANSFER,MONITOREO,2023-07-16,2,7.79292233648712e-06
*FILE/TRANSFER,FTP,2023-07-22,52790,0.2980715020967398
*FILE/TRANSFER,FTP,2023-07-19,54650,0.30430651284878135
*FILE/TRANSFER,OPERACION,2023-07-25,18,6.883748063896956e-05
*FILE/TRANSFER,FTP,2023-07-26,56604,0.31887760323510306
*FILE/TRANSFER,MONITOREO,2023-07-27,2,8.215430174007504e-06
*FILE/TRANSFER,FTP,2023-07-28,55850,0.31144811588107046
*FILE/TRANSFER,MONITOREO,2023-07-29,2,8.324969242994272e-06
*FILE/TRANSFER,FTP,2023-07-31,56511,0.3154213795851165
*FILE/TRANSFER,OPERACION,2024-10-11,4,2.2580696649700628e-05
*FILE/TRANSFER,MONITOREO,2023-08-08,2,8.716180203661296e-06
*FILE/TRANSFER,MONITOREO,2023-08-10,2,8.29367236614091e-06
*FILE/TRANSFER,OPERACION,2023-08-11,14,6.11540973714692e-05
*FILE/TRANSFER,MONITOREO,2023-08-13,2,7.558195760086905e-06
*FILE/TRANSFER,MONITOREO,2023-08-14,2,7.871164528620525e-06
*FILE/TRANSFER,OPERACION,2023-08-14,14,5.439397197114303e-05
*FILE/TRANSFER,MONITOREO,2023-08-18,2,8.731828642087976e-06
*FILE/TRANSFER,MONITOREO,2023-08-20,2,7.605141075366948e-06
*FILE/TRANSFER,FTP,2023-08-22,56787,0.318391547089128
*FILE/TRANSFER,FTP,2023-08-21,52241,0.26127477812862027
*FILE/TRANSFER,FTP,2023-08-25,62213,0.3517711841517621
*FILE/TRANSFER,OPERACION,2023-08-24,22,8.714615359818625e-05
*FILE/TRANSFER,OPERACION,2023-08-29,18,7.007370727467735e-05
*FILE/TRANSFER,FTP,2023-08-28,56698,0.3125756484634675
*FILE/TRANSFER,MONITOREO,2023-08-31,2,8.262375489287548e-06
*FILE/TRANSFER,OPERACION,2023-08-28,14,5.21092999608476e-05
*FILE/TRANSFER,OPERACION,2023-09-01,14,5.8118300316693105e-05
*FILE/TRANSFER,FTP,2023-09-02,54301,0.31031541931397466
*FILE/TRANSFER,OPERACION,2023-09-04,14,5.282912812847493e-05
*FILE/TRANSFER,FTP,2023-09-05,55374,0.30908698560060777
*FILE/TRANSFER,OPERACION,2023-09-07,18,7.130993391038513e-05
*FILE/TRANSFER,MONITOREO,2023-09-09,2,7.933758282327249e-06
*FILE/TRANSFER,OPERACION,2023-09-08,10,3.96218460963562e-05
*FILE/TRANSFER,MONITOREO,2023-09-11,2,7.839867651767163e-06
*FILE/TRANSFER,FTP,2024-07-30,57826,0.3812465514753865
*FILE/TRANSFER,MONITOREO,2023-09-15,2,8.559695819394488e-06
*FILE/TRANSFER,MONITOREO,2023-09-14,2,7.98070359760729e-06
*FILE/TRANSFER,OPERACION,2023-09-15,12,4.8838776329671286e-05
*FILE/TRANSFER,FTP,2023-09-16,55420,0.31406487905164404
*FILE/TRANSFER,MONITOREO,2023-09-18,2,8.278023927714229e-06
*FILE/TRANSFER,FTP,2023-09-21,55107,0.31978311577308954
*FILE/TRANSFER,OPERACION,2023-09-21,18,6.958860568345024e-05
*FILE/TRANSFER,FTP,2023-09-23,54818,0.309365293078022
*FILE/TRANSFER,MONITOREO,2023-09-25,2,7.94940672075393e-06
*FILE/TRANSFER,FTP,2023-09-26,56273,0.31406988655193974
*FILE/TRANSFER,OPERACION,2023-09-26,16,6.0246487942721715e-05
*FILE/TRANSFER,FTP,2023-09-27,56466,0.31424233234340876
*FILE/TRANSFER,FTP,2023-09-29,58985,0.33713430773029074
*FILE/TRANSFER,FTP,2023-09-30,57298,0.3251997288438517
*FILE/TRANSFER,OPERACION,2023-10-03,15,5.735152683378574e-05
*FILE/TRANSFER,OPERACION,2023-10-06,16,6.239032400717701e-05
*FILE/TRANSFER,FTP,2023-10-04,57144,0.3240370029234295
*FILE/TRANSFER,OPERACION,2023-10-05,18,7.202976207801245e-05
*FILE/TRANSFER,MONITOREO,2023-10-08,2,7.1513363609932e-06
*FILE/TRANSFER,MONITOREO,2023-10-09,2,7.558195760086905e-06
*FILE/TRANSFER,FTP,2023-10-11,57459,0.3144388767300364
*FILE/TRANSFER,OPERACION,2023-10-12,14,5.267264374420813e-05
*FILE/TRANSFER,MONITOREO,2023-10-14,2,8.481453627261082e-06
*FILE/TRANSFER,MONITOREO,2023-10-16,2,8.105891105020737e-06
*FILE/TRANSFER,MONITOREO,2023-10-17,2,8.027648912887333e-06
*FILE/TRANSFER,FTP,2023-10-19,55368,0.31244899000282184
*FILE/TRANSFER,MONITOREO,2023-10-20,2,8.215430174007504e-06
*FILE/TRANSFER,FTP,2023-10-22,51115,0.25106736433658683
*FILE/TRANSFER,OPERACION,2023-10-22,16,5.66316986661584e-05
*FILE/TRANSFER,FTP,2023-10-23,57360,0.3181097500099253
*FILE/TRANSFER,OPERACION,2023-10-26,34,0.00013980314890396775
*FILE/TRANSFER,UNISYS_UNASSIGNED,2023-10-29,1,3.943406483523603e-06
*FILE/TRANSFER,FTP,2023-10-28,53206,0.3116712782614648
*FILE/TRANSFER,OPERACION,2023-10-29,4,1.26595866871849e-05
*FILE/TRANSFER,MONITOREO,2023-10-29,2,7.1513363609932e-06
*FILE/TRANSFER,FTP,2023-11-01,47764,0.24691021583259917
*FILE/TRANSFER,FTP,2023-11-02,56282,0.32442636736835806
*FILE/TRANSFER,OPERACION,2023-11-03,20,8.831978648018736e-05
*FILE/TRANSFER,MONITOREO,2023-11-09,2,7.94940672075393e-06
*FILE/TRANSFER,OPERACION,2023-11-10,22,8.584733320877177e-05
*FILE/TRANSFER,FTP,2023-11-14,56957,0.2950892227013829
*FILE/TRANSFER,MONITOREO,2023-11-14,2,7.683383267500352e-06
*FILE/TRANSFER,UNISYS_UNASSIGNED,2023-11-17,1,4.350265882617308e-06
*FILE/TRANSFER,FTP,2023-11-18,54446,0.29712915313468263
*FILE/TRANSFER,FTP,2023-11-17,56270,0.2901663335114178
*FILE/TRANSFER,FTP,2023-11-20,56729,0.296635742222653
*FILE/TRANSFER,OPERACION,2023-11-20,16,5.988657385890804e-05
*FILE/TRANSFER,MONITOREO,2023-11-21,2,7.699031705927033e-06
*FILE/TRANSFER,FTP,2023-11-22,55738,0.2957477872325664
*FILE/TRANSFER,MONITOREO,2023-11-23,2,7.933758282327247e-06
*FILE/TRANSFER,OPERACION,2023-11-27,18,7.02771369742242e-05
*FILE/TRANSFER,MONITOREO,2023-11-27,2,7.464305129526819e-06
*FILE/TRANSFER,UNISYS_UNASSIGNED,2023-11-29,1,3.943406483523603e-06
*FILE/TRANSFER,OPERACION,2023-11-30,16,6.45341600716323e-05
*FILE/TRANSFER,OPERACION,2023-11-28,22,8.440767687351712e-05
*FILE/TRANSFER,FTP,2023-10-18,56442,0.3152381676679945
*FILE/TRANSFER,FTP,2023-10-03,57227,0.31944287177636815
*FILE/TRANSFER,MONITOREO,2023-09-30,2,9.09174272590164e-06
*FILE/TRANSFER,MONITOREO,2023-09-28,2,8.497102065687763e-06
*FILE/TRANSFER,OPERACION,2023-09-05,16,6.0481214519121914e-05
*FILE/TRANSFER,FTP,2023-09-01,46976,0.23918652218772232
*FILE/TRANSFER,MONITOREO,2023-08-21,2,7.8085707749138e-06
*FILE/TRANSFER,OPERACION,2023-08-09,12,4.448851044705398e-05
*FILE/TRANSFER,MONITOREO,2023-07-25,2,8.324969242994272e-06
*FILE/TRANSFER,MONITOREO,2023-07-22,2,8.684883326807934e-06
*FILE/TRANSFER,FTP,2024-07-18,57440,0.3746953483764886
*FILE/TRANSFER,OPERACION,2024-07-16,12,5.744541746434582e-05
*FILE/TRANSFER,OPERACION,2024-10-29,8,3.6273080273046466e-05
*FILE/TRANSFER,MONITOREO,2024-10-29,3,1.367673518491916e-05
*FILE/TRANSFER,MONITOREO,2024-01-02,2,8.12153954344742e-06
*FILE/TRANSFER,MONITOREO,2024-01-03,2,7.918109843900568e-06
*FILE/TRANSFER,MONITOREO,2024-01-01,2,7.245226991553286e-06
*FILE/TRANSFER,OPERACION,2024-01-04,14,5.4034057887329354e-05
*FILE/TRANSFER,FTP,2024-01-06,56684,0.3099216576578643
*FILE/TRANSFER,MONITOREO,2024-01-09,2,7.980703597607292e-06
*FILE/TRANSFER,FTP,2024-01-11,58628,0.31700198140527663
*FILE/TRANSFER,FTP,2024-01-10,56857,0.3069087855653849
*FILE/TRANSFER,OPERACION,2024-01-10,12,4.897961227551142e-05
*FILE/TRANSFER,OPERACION,2024-01-11,12,4.854145599956434e-05
*FILE/TRANSFER,FTP,2024-01-13,56419,0.30511423829505074
*FILE/TRANSFER,MONITOREO,2024-01-15,2,7.777273898060438e-06
*FILE/TRANSFER,OPERACION,2024-01-17,12,4.5568252698494963e-05
*FILE/TRANSFER,MONITOREO,2024-01-21,2,7.761625459633757e-06
*FILE/TRANSFER,FTP,2024-01-19,55615,0.30019286700361486
*FILE/TRANSFER,FTP,2024-01-20,53180,0.29045925663032557
*FILE/TRANSFER,MONITOREO,2024-01-22,2,8.403211435127677e-06
*FILE/TRANSFER,OPERACION,2024-01-25,12,4.7931166900923785e-05
*FILE/TRANSFER,FTP,2024-01-26,58708,0.32086124623538004
*FILE/TRANSFER,FTP,2024-01-27,56017,0.3054570016903503
*FILE/TRANSFER,OPERACION,2024-01-30,14,5.431572977900963e-05
*FILE/TRANSFER,MONITOREO,2024-01-30,2,7.8085707749138e-06
*FILE/TRANSFER,FTP,2024-01-31,57851,0.3205988845167227
*FILE/TRANSFER,OPERACION,2024-02-02,4,1.4443508667826529e-05
*FILE/TRANSFER,OPERACION,2024-02-01,12,4.8619698191697745e-05
*FILE/TRANSFER,MONITOREO,2024-02-04,2,7.526898883233543e-06
*FILE/TRANSFER,OPERACION,2024-02-05,20,8.030778600572668e-05
*FILE/TRANSFER,FTP,2024-02-08,56170,0.3080889281977682
*FILE/TRANSFER,MONITOREO,2024-02-10,2,7.495602006380181e-06
*FILE/TRANSFER,MONITOREO,2024-02-11,2,7.683383267500354e-06
*FILE/TRANSFER,OPERACION,2024-02-12,18,7.331293402900032e-05
*FILE/TRANSFER,FTP,2024-02-13,55918,0.3035113374501292
*FILE/TRANSFER,MONITOREO,2024-02-14,2,7.933758282327247e-06
*FILE/TRANSFER,MONITOREO,2024-02-15,2,8.043297351314015e-06
*FILE/TRANSFER,MONITOREO,2024-02-16,2,7.745977021207076e-06
*FILE/TRANSFER,FTP,2024-02-18,43815,0.23113084692165878
*FILE/TRANSFER,MONITOREO,2024-02-18,1,4.209429936777179e-06
*FILE/TRANSFER,MONITOREO,2024-02-19,1,4.22507837520386e-06
*FILE/TRANSFER,OPERACION,2024-02-23,6,2.89339626509331e-05
*FILE/TRANSFER,FTP,2024-02-24,56499,0.3642449456326365
*FILE/TRANSFER,FTP,2024-02-27,57533,0.37068368340455243
*FILE/TRANSFER,OPERACION,2024-02-28,2,1.0155836538915945e-05
*FILE/TRANSFER,MONITOREO,2024-02-29,2,9.044797410621597e-06
*FILE/TRANSFER,OPERACION,2024-03-05,10,5.015324515751249e-05
*FILE/TRANSFER,OPERACION,2024-03-08,2,1.121993035193025e-05
*FILE/TRANSFER,MONITOREO,2024-03-07,2,9.326469302301854e-06
*FILE/TRANSFER,FTP,2024-03-08,56483,0.3610036532844373
*FILE/TRANSFER,MONITOREO,2024-03-13,2,9.59249275555543e-06
*FILE/TRANSFER,MONITOREO,2024-03-16,2,9.310820863875171e-06
*FILE/TRANSFER,OPERACION,2024-03-19,8,3.887072105187551e-05
*FILE/TRANSFER,MONITOREO,2024-03-17,2,8.684883326807934e-06
*FILE/TRANSFER,FTP,2024-03-18,55811,0.35174836872853393
*FILE/TRANSFER,MONITOREO,2024-03-19,2,9.076094287474959e-06
*FILE/TRANSFER,OPERACION,2024-03-20,2,1.0531399061156288e-05
*FILE/TRANSFER,FTP,2024-03-21,56675,0.38245155947643156
*FILE/TRANSFER,FTP,2024-03-24,54884,0.3119496326842077
*FILE/TRANSFER,FTP,2024-03-27,56882,0.37923818394238434
*FILE/TRANSFER,MONITOREO,2024-03-26,2,9.655086509262154e-06
*FILE/TRANSFER,MONITOREO,2024-03-30,2,9.467305248141983e-06
*FILE/TRANSFER,MONITOREO,2024-03-27,2,9.90546152408905e-06
*FILE/TRANSFER,FTP,2024-03-31,54200,0.3088145306391792
*FILE/TRANSFER,FTP,2024-04-01,50338,0.2940427020847177
*FILE/TRANSFER,MONITOREO,2024-04-04,2,9.545547440275387e-06
*FILE/TRANSFER,OPERACION,2024-04-05,2,8.731828642087976e-06
*FILE/TRANSFER,FTP,2024-04-07,53769,0.30630463065460817
*FILE/TRANSFER,OPERACION,2024-04-09,8,3.729022877078073e-05
*FILE/TRANSFER,MONITOREO,2024-04-08,2,9.639438070835473e-06
*FILE/TRANSFER,MONITOREO,2024-04-12,2,9.295172425448492e-06
*FILE/TRANSFER,FTP,2024-04-09,57011,0.37163643857815987
*FILE/TRANSFER,MONITOREO,2024-04-11,2,9.169984918035045e-06
*FILE/TRANSFER,OPERACION,2024-09-30,2,9.952406839369093e-06
*FILE/TRANSFER,MONITOREO,2024-09-30,2,1.0249727169476031e-05
*FILE/TRANSFER,FTP,2024-09-30,56674,0.3635246167149633
*FILE/TRANSFER,OPERACION,2024-04-12,2,1.0640938130143054e-05
*FILE/TRANSFER,MONITOREO,2024-04-14,2,8.512750504114444e-06
*FILE/TRANSFER,MONITOREO,2024-04-13,2,9.467305248141982e-06
*FILE/TRANSFER,FTP,2024-04-16,57146,0.37116554576902333
*FILE/TRANSFER,MONITOREO,2024-04-17,2,9.529899001848706e-06
*FILE/TRANSFER,OPERACION,2024-04-16,10,5.142076867007365e-05
*FILE/TRANSFER,MONITOREO,2024-04-20,2,9.608141193982111e-06
*FILE/TRANSFER,FTP,2024-04-23,56450,0.35796723029212435
*FILE/TRANSFER,FTP,2024-04-25,65072,0.4229617517738248
*FILE/TRANSFER,FTP,2024-04-24,56526,0.3584240864519914
*FILE/TRANSFER,OPERACION,2024-04-29,2,1.0484453745876243e-05
*FILE/TRANSFER,MONITOREO,2024-05-01,2,8.919609903208148e-06
*FILE/TRANSFER,OPERACION,2024-05-02,8,3.7869220992567934e-05
*FILE/TRANSFER,FTP,2024-05-07,55644,0.35962526058562033
*FILE/TRANSFER,MONITOREO,2024-05-13,2,8.919609903208148e-06
*FILE/TRANSFER,OPERACION,2024-05-14,6,2.8793126705092968e-05
*FILE/TRANSFER,MONITOREO,2024-05-19,2,9.717680262968879e-06
*FILE/TRANSFER,FTP,2024-05-21,58471,0.3755931931796597
*FILE/TRANSFER,FTP,2024-05-22,63784,0.4432099391369597
*FILE/TRANSFER,OPERACION,2024-05-21,8,3.722763501707401e-05
*FILE/TRANSFER,MONITOREO,2024-05-26,2,8.857016149501424e-06
*FILE/TRANSFER,MONITOREO,2024-06-03,2,9.076094287474959e-06
*FILE/TRANSFER,OPERACION,2024-06-04,8,3.757190066246099e-05
*FILE/TRANSFER,OPERACION,2024-06-06,8,3.9793978919049686e-05
*FILE/TRANSFER,FTP,2024-06-10,52639,0.3004194563920314
*FILE/TRANSFER,MONITOREO,2024-06-14,2,9.561195878702068e-06
*FILE/TRANSFER,OPERACION,2024-06-14,2,1.0484453745876245e-05
*FILE/TRANSFER,MONITOREO,2024-06-17,2,9.43600837128862e-06
*FILE/TRANSFER,MONITOREO,2024-06-21,2,9.138688041181681e-06
*FILE/TRANSFER,MONITOREO,2024-06-23,2,8.371914558274315e-06
*FILE/TRANSFER,FTP,2024-06-25,62787,0.419638837170796
*FILE/TRANSFER,FTP,2024-06-24,56845,0.3588885477529351
*FILE/TRANSFER,MONITOREO,2024-06-27,2,9.342117740728533e-06
*FILE/TRANSFER,OPERACION,2024-06-26,2,1.3410711731665586e-05
*FILE/TRANSFER,OPERACION,2024-06-28,2,1.042185999216952e-05
*FILE/TRANSFER,MONITOREO,2024-06-30,2,8.387562996700996e-06
*FILE/TRANSFER,OPERACION,2024-07-02,10,4.6569752757802544e-05
*FILE/TRANSFER,MONITOREO,2024-07-03,2,9.545547440275387e-06
*FILE/TRANSFER,OPERACION,2024-07-05,4,2.126622782185943e-05
*FILE/TRANSFER,OPERACION,2024-07-04,8,3.7086799071233874e-05
*FILE/TRANSFER,OPERACION,2024-07-08,2,1.0468805307449564e-05
*FILE/TRANSFER,UNISYS_UNASSIGNED,2024-07-10,1,4.7884221585643745e-06
*FILE/TRANSFER,MONITOREO,2024-07-10,2,9.655086509262154e-06
*FILE/TRANSFER,OPERACION,2024-07-10,2,1.2409211672358004e-05
*FILE/TRANSFER,MONITOREO,2024-07-13,2,9.983703716222453e-06
*FILE/TRANSFER,FTP,2024-07-15,55913,0.34292372919814196
*FILE/TRANSFER,MONITOREO,2024-07-16,2,8.747477080514657e-06
*FILE/TRANSFER,MONITOREO,2024-07-19,2,9.40471149443526e-06
*FILE/TRANSFER,FTP,2024-07-21,54512,0.30345245237633184
*FILE/TRANSFER,FTP,2024-07-24,56899,0.37094297802927995
*FILE/TRANSFER,FTP,2024-07-27,55194,0.36064297242713367
*FILE/TRANSFER,FTP,2024-07-29,57755,0.3654598434467638
*FILE/TRANSFER,MONITOREO,2024-07-30,6,2.86053454439728e-05
*FILE/TRANSFER,OPERACION,2024-07-31,2,1.0453156869022883e-05
*FILE/TRANSFER,MONITOREO,2024-08-02,2,9.201281794888406e-06
*FILE/TRANSFER,OPERACION,2024-08-03,4,1.4005352391879463e-05
*FILE/TRANSFER,FTP,2024-08-06,56230,0.3609467712107579
*FILE/TRANSFER,OPERACION,2024-08-06,12,5.527028452303716e-05
*FILE/TRANSFER,MONITOREO,2024-08-11,2,8.340617681420953e-06
*FILE/TRANSFER,OPERACION,2024-08-13,8,3.688336937168703e-05
*FILE/TRANSFER,FTP,2024-08-14,56358,0.36476658632758546
*FILE/TRANSFER,FTP,2024-08-17,56239,0.36513895656838513
*FILE/TRANSFER,FTP,2024-08-19,53177,0.30309585576146325
*FILE/TRANSFER,FTP,2024-08-18,54553,0.3018700822826213
*FILE/TRANSFER,MONITOREO,2024-08-20,2,9.248227110168449e-06
*FILE/TRANSFER,FTP,2024-08-20,56713,0.3565358519807942
*FILE/TRANSFER,FTP,2024-08-23,56272,0.35899699143122443
*FILE/TRANSFER,MONITOREO,2024-08-28,2,8.716180203661296e-06
*FILE/TRANSFER,OPERACION,2024-08-29,12,5.6553456474024994e-05
*FILE/TRANSFER,OPERACION,2024-08-28,2,1.1548547558890551e-05
*FILE/TRANSFER,OPERACION,2024-09-04,2,1.054704749958297e-05
*FILE/TRANSFER,OPERACION,2024-09-06,2,1.0656586568569735e-05
*FILE/TRANSFER,FTP,2024-09-09,56975,0.3589525342176549
*FILE/TRANSFER,OPERACION,2024-09-09,2,1.1266875667210292e-05
*FILE/TRANSFER,MONITOREO,2024-09-17,2,9.43600837128862e-06
*FILE/TRANSFER,FTP,2024-08-28,57061,0.3713802110473531
*FILE/TRANSFER,OPERACION,2024-12-10,8,3.649215841102e-05
*FILE/TRANSFER,FTP,2024-12-10,56496,0.3597543602026396
*FILE/TRANSFER,MONITOREO,2024-12-10,3,1.3864516446039333e-05
*FILE/TRANSFER,MONITOREO,2024-07-11,2,9.827219331955644e-06
*FILE/TRANSFER,OPERACION,2024-07-11,10,4.667929182678931e-05
*FILE/TRANSFER,FTP,2024-07-11,59892,0.3969488987724406
*FILE/TRANSFER,MONITOREO,2024-09-18,2,8.95090678006151e-06
*FILE/TRANSFER,FTP,2024-09-18,56493,0.37328631603522644
*FILE/TRANSFER,FTP,2024-09-19,56487,0.38495950340618823
*FILE/TRANSFER,MONITOREO,2024-11-16,4,1.8684235481457067e-05
*FILE/TRANSFER,MONITOREO,2024-09-20,2,9.154336479608364e-06
*FILE/TRANSFER,FTP,2024-10-26,62566,0.44081979665167004
*FILE/TRANSFER,OPERACION,2024-07-09,8,3.660169748000677e-05
*FILE/TRANSFER,MONITOREO,2024-07-09,2,9.936758400942412e-06
*FILE/TRANSFER,MONITOREO,2024-06-08,2,9.357766179155216e-06
*FILE/TRANSFER,FTP,2024-06-08,56765,0.3673892176625782
*FILE/TRANSFER,OPERACION,2024-09-03,8,3.948101015051607e-05
*FILE/TRANSFER,OPERACION,2024-12-03,8,4.107715087003753e-05
*FILE/TRANSFER,MONITOREO,2024-12-03,3,1.4396563352546486e-05
*FILE/TRANSFER,MONITOREO,2024-06-22,2,1.0687883445423097e-05
*FILE/TRANSFER,OPERACION,2024-05-17,4,1.967008710233797e-05
*FILE/TRANSFER,MONITOREO,2024-05-17,2,9.467305248141982e-06
*FILE/TRANSFER,FTP,2024-05-17,57682,0.3685236981516333
*FILE/TRANSFER,FTP,2024-05-18,58407,0.37390497704843506
*FILE/TRANSFER,MONITOREO,2024-05-25,2,9.92110996251573e-06
*FILE/TRANSFER,FTP,2024-05-25,52263,0.3407770451178901
*FILE/TRANSFER,MONITOREO,2024-09-22,2,9.686383386115516e-06
*FILE/TRANSFER,FTP,2024-10-20,53971,0.2944577143202338
*FILE/TRANSFER,MONITOREO,2024-10-20,2,8.058945789740696e-06
*FILE/TRANSFER,MONITOREO,2024-07-27,2,9.514250563422025e-06
*FILE/TRANSFER,MONITOREO,2024-07-28,3,1.2158836657531109e-05
*FILE/TRANSFER,OPERACION,2024-08-14,2,1.0155836538915945e-05
*FILE/TRANSFER,FTP,2024-08-08,57906,0.37835774020274615
*FILE/TRANSFER,MONITOREO,2024-08-09,2,9.154336479608364e-06
*FILE/TRANSFER,MONITOREO,2024-09-25,2,9.576844317128749e-06
*FILE/TRANSFER,FTP,2024-07-25,65169,0.4419261725453146
*FILE/TRANSFER,MONITOREO,2024-07-24,19,0.00010090113097523885
*FILE/TRANSFER,OPERACION,2024-07-24,2,1.1188633475076889e-05
*FILE/TRANSFER,MONITOREO,2024-07-25,16,7.702161393612371e-05
*FILE/TRANSFER,MONITOREO,2024-11-14,3,1.3551547677505716e-05
*FILE/TRANSFER,FTP,2024-11-15,54920,0.35734612812251754
*FILE/TRANSFER,MONITOREO,2024-11-15,3,1.4396563352546486e-05
*FILE/TRANSFER,FTP,2024-10-03,54576,0.3530625715329216
*FILE/TRANSFER,MONITOREO,2024-10-03,2,9.09174272590164e-06
*FILE/TRANSFER,OPERACION,2024-01-15,12,4.811894816204396e-05
*FILE/TRANSFER,MONITOREO,2024-01-27,2,8.012000474460652e-06
*FILE/TRANSFER,OPERACION,2024-02-16,2,8.371914558274315e-06
*FILE/TRANSFER,MONITOREO,2024-04-09,2,9.43600837128862e-06
*FILE/TRANSFER,FTP,2024-04-22,55625,0.3386692161102628
*FILE/TRANSFER,MONITOREO,2024-04-24,2,9.342117740728535e-06
*FILE/TRANSFER,FTP,2024-08-31,56431,0.36750080667699164
*FILE/TRANSFER,UNISYS_UNASSIGNED,2024-09-07,1,5.570844079898423e-06
*FILE/TRANSFER,FTP,2023-12-26,58594,0.32143856407425664
*FILE/TRANSFER,FTP,2024-05-03,56557,0.3616617170655922
*FILE/TRANSFER,FTP,2024-05-01,40652,0.21236951158407175
*FILE/TRANSFER,FTP,2024-05-06,55876,0.3403797938599922
*FILE/TRANSFER,FTP,2024-05-05,48717,0.2580333605929181
*FILE/TRANSFER,MONITOREO,2024-05-05,2,9.123039602755002e-06
*FILE/TRANSFER,MONITOREO,2024-05-04,2,9.357766179155216e-06
*FILE/TRANSFER,OPERACION,2024-05-03,6,2.9387767365306845e-05
*FILE/TRANSFER,MONITOREO,2024-05-02,2,9.59249275555543e-06
*FILE/TRANSFER,MONITOREO,2024-05-03,2,9.670734947688835e-06
*FILE/TRANSFER,FTP,2024-05-02,57091,0.36416092916671905
*FILE/TRANSFER,OPERACION,2023-12-27,16,6.508185541656612e-05
*FILE/TRANSFER,FTP,2024-04-30,58631,0.3774592694620402
*FILE/TRANSFER,MONITOREO,2024-04-30,2,9.295172425448492e-06
*FILE/TRANSFER,FTP,2024-04-29,58128,0.3544554233888487
*FILE/TRANSFER,MONITOREO,2024-04-29,2,8.841367711074743e-06
*FILE/TRANSFER,MONITOREO,2023-12-27,2,7.918109843900568e-06
*FILE/TRANSFER,FTP,2024-04-28,42971,0.2146039990523328
*FILE/TRANSFER,FTP,2024-04-27,54783,0.3436604576792691
*FILE/TRANSFER,FTP,2023-12-27,55846,0.29666694520887293
*FILE/TRANSFER,FTP,2024-04-26,58338,0.3806064521015362
*FILE/TRANSFER,OPERACION,2024-04-25,8,3.5834923997099404e-05
*FILE/TRANSFER,MONITOREO,2024-04-26,2,8.919609903208148e-06
*FILE/TRANSFER,MONITOREO,2024-04-25,2,9.357766179155216e-06
*FILE/TRANSFER,OPERACION,2024-04-24,2,1.0155836538915945e-05
*FILE/TRANSFER,MONITOREO,2024-04-19,2,9.138688041181683e-06
*FILE/TRANSFER,OPERACION,2023-07-24,14,5.1452065546927e-05
*FILE/TRANSFER,FTP,2023-07-23,48912,0.22905373579865254
*FILE/TRANSFER,MONITOREO,2023-07-23,2,7.386062937393414e-06
*FILE/TRANSFER,FTP,2024-11-21,54854,0.3587874744891178
*FILE/TRANSFER,MONITOREO,2024-11-24,2,8.465805188834401e-06
*FILE/TRANSFER,OPERACION,2024-11-07,8,3.738411940134082e-05
*FILE/TRANSFER,FTP,2024-11-01,48094,0.28278330637106686
*FILE/TRANSFER,OPERACION,2024-10-15,8,3.569408805125927e-05
*FILE/TRANSFER,UNISYS_UNASSIGNED,2024-10-14,1,3.990351798803645e-06
*FILE/TRANSFER,MONITOREO,2024-10-25,3,1.3848868007612652e-05
*FILE/TRANSFER,FTP,2024-10-02,56595,0.37363777996230124
*FILE/TRANSFER,MONITOREO,2024-10-08,2,9.529899001848706e-06
*FILE/TRANSFER,MONITOREO,2024-09-19,2,9.451656809715302e-06
*FILE/TRANSFER,MONITOREO,2024-09-13,2,9.389063056008576e-06
*FILE/TRANSFER,FTP,2024-09-06,56022,0.362659680577814
*FILE/TRANSFER,FTP,2024-09-03,57397,0.37794100663899965
*FILE/TRANSFER,MONITOREO,2024-08-14,2,9.780274016675601e-06
*FILE/TRANSFER,FTP,2024-08-21,56949,0.36329854372502196
*FILE/TRANSFER,FTP,2024-08-10,52548,0.34086084250566884
*FILE/TRANSFER,FTP,2023-12-28,57725,0.30803201482721454
*FILE/TRANSFER,FTP,2024-08-04,53589,0.2970463415985285
*FILE/TRANSFER,MONITOREO,2024-07-20,2,9.482953686568663e-06
*FILE/TRANSFER,FTP,2024-07-14,54798,0.30350435824658795
*FILE/TRANSFER,FTP,2024-07-16,56356,0.35444522060699274
*FILE/TRANSFER,MONITOREO,2024-07-23,2,9.27952398702181e-06
*FILE/TRANSFER,MONITOREO,2024-06-25,2,9.326469302301852e-06
*FILE/TRANSFER,OPERACION,2024-06-25,6,3.0670939316294684e-05
*FILE/TRANSFER,FTP,2024-06-15,55880,0.36320207110212377
*FILE/TRANSFER,OPERACION,2024-06-11,8,3.8432564775928445e-05
*FILE/TRANSFER,OPERACION,2024-05-28,8,3.622613495776643e-05
*FILE/TRANSFER,MONITOREO,2024-05-22,2,9.576844317128749e-06
*FILE/TRANSFER,FTP,2024-07-13,56357,0.3753214736948141
*FILE/TRANSFER,MONITOREO,2024-05-14,2,9.013500533768235e-06
*FILE/TRANSFER,MONITOREO,2024-05-07,2,9.482953686568663e-06
*FILE/TRANSFER,MONITOREO,2024-04-28,2,8.45015675040772e-06
*FILE/TRANSFER,FTP,2024-04-18,55250,0.3552307565675729
*FILE/TRANSFER,OPERACION,2024-04-02,8,3.9074150751422364e-05
*FILE/TRANSFER,MONITOREO,2024-03-24,2,8.434508311981039e-06
*FILE/TRANSFER,OPERACION,2024-02-09,10,3.937147108152931e-05
*FILE/TRANSFER,MONITOREO,2024-01-23,2,7.855516090193844e-06
*FILE/TRANSFER,MONITOREO,2024-02-13,2,7.5581957600869045e-06
*FILE/TRANSFER,MONITOREO,2024-01-19,2,7.933758282327249e-06
*FILE/TRANSFER,FTP,2023-12-29,55184,0.29459210310944617
*FILE/TRANSFER,FTP,2024-11-16,52788,0.34407518824289407
*FILE/TRANSFER,FTP,2024-11-17,53141,0.30166320992662593
*FILE/TRANSFER,OPERACION,2024-09-25,2,1.1454656928330465e-05
*FILE/TRANSFER,FTP,2024-10-22,54209,0.34492302063684466
*FILE/TRANSFER,OPERACION,2024-10-22,12,5.644391740503822e-05
*FILE/TRANSFER,MONITOREO,2024-07-31,2,9.169984918035043e-06
*FILE/TRANSFER,FTP,2024-07-31,57289,0.3796568892093655
*FILE/TRANSFER,MONITOREO,2024-08-01,2,9.482953686568663e-06
*FILE/TRANSFER,OPERACION,2024-08-01,8,3.963749453478288e-05
*FILE/TRANSFER,MONITOREO,2024-05-18,2,9.827219331955644e-06
*FILE/TRANSFER,OPERACION,2024-05-19,4,1.4568696175239976e-05
*FILE/TRANSFER,FTP,2024-11-19,55025,0.349412541973018
*FILE/TRANSFER,MONITOREO,2024-11-19,3,1.3285524224252136e-05
*FILE/TRANSFER,FTP,2024-12-16,55181,0.3507419081142422
*FILE/TRANSFER,OPERACION,2024-12-16,4,1.7604493230016084e-05
*FILE/TRANSFER,MONITOREO,2024-12-16,3,1.3989703953452782e-05
*FILE/TRANSFER,MONITOREO,2024-06-09,2,8.418859873554358e-06
*FILE/TRANSFER,FTP,2024-06-09,54066,0.30256204058141606
*FILE/TRANSFER,MONITOREO,2024-08-30,2,9.201281794888406e-06
*FILE/TRANSFER,FTP,2024-08-30,57444,0.3832322287726515
*FILE/TRANSFER,MONITOREO,2024-08-31,2,9.295172425448492e-06
*FILE/TRANSFER,OPERACION,2024-05-22,2,9.842867770382327e-06
*FILE/TRANSFER,OPERACION,2024-06-18,8,3.788486943099461e-05
*FILE/TRANSFER,MONITOREO,2024-06-18,2,9.545547440275387e-06
*FILE/TRANSFER,MONITOREO,2024-10-04,2,9.123039602755002e-06
*FILE/TRANSFER,OPERACION,2024-10-04,2,9.93675840094241e-06
*FILE/TRANSFER,FTP,2024-10-04,55610,0.3599431273153769
*FILE/TRANSFER,OPERACION,2024-09-19,8,3.9355822643102623e-05
*FILE/TRANSFER,MONITOREO,2024-09-07,2,9.73332870139556e-06
*FILE/TRANSFER,FTP,2024-09-07,54830,0.3637677934481176
*FILE/TRANSFER,FTP,2024-12-04,55048,0.35850996508206623
*FILE/TRANSFER,MONITOREO,2024-12-04,4,1.9216282387964222e-05
*FILE/TRANSFER,OPERACION,2024-12-04,2,1.151725068203719e-05
*FILE/TRANSFER,FTP,2024-10-23,55568,0.35588290523900024
*FILE/TRANSFER,MONITOREO,2024-10-23,2,9.545547440275387e-06
*FILE/TRANSFER,OPERACION,2024-10-23,2,1.2158836657531109e-05
*FILE/TRANSFER,FTP,2024-10-24,56287,0.35899472240764746
*FILE/TRANSFER,FTP,2024-08-27,47358,0.2853435473820389
*FILE/TRANSFER,MONITOREO,2024-08-07,2,8.997852095341554e-06
*FILE/TRANSFER,OPERACION,2024-07-18,8,3.735282252448746e-05
*FILE/TRANSFER,MONITOREO,2024-07-18,2,9.26387554859513e-06
*FILE/TRANSFER,OPERACION,2024-07-17,6,2.924693141946672e-05
*FILE/TRANSFER,MONITOREO,2024-07-17,2,8.888313026354786e-06
*FILE/TRANSFER,FTP,2024-10-12,53245,0.351389909949491
*FILE/TRANSFER,MONITOREO,2024-10-12,2,9.482953686568663e-06
*FILE/TRANSFER,OPERACION,2024-08-22,8,3.718068970179397e-05
*FILE/TRANSFER,MONITOREO,2024-08-22,2,9.43600837128862e-06
*FILE/TRANSFER,FTP,2024-05-19,47115,0.25472897374098386
*FILE/TRANSFER,MONITOREO,2024-12-08,2,8.058945789740697e-06
*FILE/TRANSFER,FTP,2024-12-08,52106,0.28766862366038
*FILE/TRANSFER,FTP,2024-12-07,53695,0.3520317463000017
*FILE/TRANSFER,MONITOREO,2024-12-07,4,1.88250714272972e-05
*FILE/TRANSFER,OPERACION,2024-12-05,8,3.934017420467594e-05
*FILE/TRANSFER,FTP,2024-12-05,54739,0.360791460459363
*FILE/TRANSFER,MONITOREO,2024-12-05,3,1.4333969598839762e-05
*FILE/TRANSFER,OPERACION,2024-11-28,8,3.893331480558224e-05
*FILE/TRANSFER,MONITOREO,2024-11-28,3,1.3739328938625885e-05
*FILE/TRANSFER,FTP,2024-11-28,55105,0.3611027704934209
*FILE/TRANSFER,FTP,2024-11-27,55968,0.36464437202346556
*FILE/TRANSFER,OPERACION,2024-11-27,2,1.1157336598223525e-05
*FILE/TRANSFER,MONITOREO,2024-11-27,3,1.3379414854812222e-05
*FILE/TRANSFER,MONITOREO,2023-07-06,2,7.886812967047206e-06
*FILE/TRANSFER,MONITOREO,2023-07-21,4,1.8246079205510004e-05
*FILE/TRANSFER,OPERACION,2023-08-02,18,6.839932436302249e-05
*FILE/TRANSFER,FTP,2023-08-15,53606,0.2940734199693548
*FILE/TRANSFER,MONITOREO,2023-08-25,2,8.246727050860867e-06
*FILE/TRANSFER,OPERACION,2023-10-04,14,5.430008134058294e-05
*FILE/TRANSFER,OPERACION,2023-10-09,18,7.054316042747779e-05
*FILE/TRANSFER,MONITOREO,2023-10-30,2,7.871164528620525e-06
*FILE/TRANSFER,FTP,2023-11-12,49912,0.24310747316214718
*FILE/TRANSFER,FTP,2023-11-13,51456,0.23938320741035293
*FILE/TRANSFER,OPERACION,2023-12-04,12,4.685142464948279e-05
*FILE/TRANSFER,MONITOREO,2023-12-20,2,7.918109843900568e-06
*FILE/TRANSFER,MONITOREO,2024-01-06,2,8.199781735580823e-06
*FILE/TRANSFER,FTP,2024-01-07,53881,0.2754528579838528
*FILE/TRANSFER,FTP,2024-01-17,54650,0.29260385946826645
*FILE/TRANSFER,MONITOREO,2024-02-08,2,7.965055159180611e-06
*FILE/TRANSFER,FTP,2024-03-12,56134,0.36418382283213874
*FILE/TRANSFER,MONITOREO,2024-03-18,2,9.326469302301854e-06
*FILE/TRANSFER,MONITOREO,2024-03-22,2,9.576844317128749e-06
*FILE/TRANSFER,OPERACION,2024-03-26,8,4.0873721170490675e-05
*FILE/TRANSFER,FTP,2024-05-08,56494,0.36379461487158654
*FILE/TRANSFER,MONITOREO,2024-05-09,2,9.248227110168449e-06
*FILE/TRANSFER,OPERACION,2024-06-05,2,1.0828719391263226e-05
*FILE/TRANSFER,FTP,2024-06-07,55093,0.3582241932995255
*FILE/TRANSFER,FTP,2024-06-18,56553,0.36661149027277673
*FILE/TRANSFER,FTP,2024-07-09,56252,0.3624361582833302
*FILE/TRANSFER,MONITOREO,2024-08-23,2,8.997852095341554e-06
*FILE/TRANSFER,OPERACION,2024-09-18,2,1.2221430411237833e-05
*FILE/TRANSFER,MONITOREO,2024-09-23,2,9.154336479608362e-06
*FILE/TRANSFER,OPERACION,2024-10-03,8,4.0232135194996755e-05
*FILE/TRANSFER,FTP,2024-10-17,54940,0.3522990529251997
*FILE/TRANSFER,OPERACION,2024-10-21,2,1.2393563233931323e-05
*FILE/TRANSFER,MONITOREO,2024-04-22,2,9.013500533768235e-06
*FILE/TRANSFER,OPERACION,2024-04-22,2,1.056269593800965e-05
*FILE/TRANSFER,MONITOREO,2024-04-21,2,7.79292233648712e-06
*FILE/TRANSFER,FTP,2024-09-28,55771,0.36516551196839153
*FILE/TRANSFER,FTP,2024-04-20,53891,0.3516013047041998
*FILE/TRANSFER,MONITOREO,2024-11-18,3,1.4271375845133039e-05
*FILE/TRANSFER,MONITOREO,2024-11-12,3,1.4584344613666655e-05
*FILE/TRANSFER,FTP,2024-11-12,56844,0.3653123099692761
*FILE/TRANSFER,FTP,2024-11-06,56524,0.37014515804453
*FILE/TRANSFER,MONITOREO,2024-10-22,2,9.248227110168449e-06
*FILE/TRANSFER,MONITOREO,2024-10-26,4,1.8011352629109785e-05
*FILE/TRANSFER,FTP,2024-10-18,55177,0.3575825916755911
*FILE/TRANSFER,OPERACION,2024-10-24,8,3.849515852963517e-05
*FILE/TRANSFER,FTP,2024-10-21,56778,0.36212084224902746
*FILE/TRANSFER,OPERACION,2024-10-16,2,9.780274016675603e-06
*FILE/TRANSFER,MONITOREO,2024-10-09,2,8.997852095341554e-06
*FILE/TRANSFER,OPERACION,2024-10-09,2,1.1345117859343698e-05
*FILE/TRANSFER,MONITOREO,2024-09-24,2,9.216930233315088e-06
*FILE/TRANSFER,OPERACION,2024-09-26,8,3.9105447628275727e-05
*FILE/TRANSFER,OPERACION,2024-09-20,6,3.472388486880506e-05
*FILE/TRANSFER,FTP,2024-09-20,56971,0.3784405204420189
*FILE/TRANSFER,MONITOREO,2024-09-26,2,9.23257867174177e-06
*FILE/TRANSFER,FTP,2024-09-17,55352,0.35747723073966436
*FILE/TRANSFER,OPERACION,2024-09-17,8,4.6601049634655906e-05
*FILE/TRANSFER,FTP,2024-09-23,57077,0.36726874033512696
*FILE/TRANSFER,FTP,2024-09-12,55872,0.36914976087620655
*FILE/TRANSFER,OPERACION,2024-08-30,2,1.089131314496995e-05
*FILE/TRANSFER,FTP,2024-09-05,54471,0.3550734115191785
*FILE/TRANSFER,OPERACION,2024-08-27,8,3.976268204219633e-05
*FILE/TRANSFER,FTP,2024-08-25,62775,0.3559750432444689
*FILE/TRANSFER,FTP,2024-08-22,56443,0.3623493720438148
*FILE/TRANSFER,MONITOREO,2024-08-16,2,9.248227110168449e-06
*FILE/TRANSFER,MONITOREO,2024-08-18,2,8.1371879818741e-06
*FILE/TRANSFER,MONITOREO,2024-08-17,2,9.670734947688835e-06
*FILE/TRANSFER,MONITOREO,2024-08-06,2,8.966555218488191e-06
*FILE/TRANSFER,OPERACION,2024-08-08,8,3.877683042131542e-05
*FILE/TRANSFER,OPERACION,2024-07-30,8,3.7884869430994605e-05
*FILE/TRANSFER,MONITOREO,2024-07-26,2,9.608141193982111e-06
*FILE/TRANSFER,MONITOREO,2024-07-29,2,9.060445849048278e-06
*FILE/TRANSFER,MONITOREO,2024-07-22,3,1.380192269233261e-05
*FILE/TRANSFER,FTP,2024-07-19,57122,0.3735581137622649
*FILE/TRANSFER,FTP,2024-07-17,55349,0.3545663238719749
*FILE/TRANSFER,OPERACION,2024-07-19,2,1.0766125637556502e-05
*FILE/TRANSFER,FTP,2024-07-12,55876,0.3748471069323499
*FILE/TRANSFER,FTP,2024-07-06,54919,0.362449928909147
*FILE/TRANSFER,FTP,2024-06-13,54843,0.35278188549286177
*FILE/TRANSFER,FTP,2024-06-19,56669,0.3654759613383376
*FILE/TRANSFER,FTP,2024-06-16,54179,0.3319567245565037
*FILE/TRANSFER,FTP,2024-05-29,57936,0.3781686914181135
*FILE/TRANSFER,OPERACION,2024-05-31,2,9.874164647235686e-06
*FILE/TRANSFER,MONITOREO,2024-05-28,2,9.373414617581895e-06
*FILE/TRANSFER,FTP,2024-05-23,55167,0.3638996315418655
*FILE/TRANSFER,OPERACION,2024-05-10,2,1.0844367829689907e-05
*FILE/TRANSFER,OPERACION,2024-04-30,8,3.5991408381366214e-05
*FILE/TRANSFER,OPERACION,2024-04-26,16,7.354766060540053e-05
*FILE/TRANSFER,FTP,2024-05-04,54666,0.3553514216762777
*FILE/TRANSFER,OPERACION,2024-04-28,4,1.6681235362841906e-05
*FILE/TRANSFER,FTP,2024-04-19,55685,0.3587979432944395
*FILE/TRANSFER,FTP,2024-04-21,41579,0.20219757280201348
*FILE/TRANSFER,MONITOREO,2024-04-23,2,9.389063056008576e-06
*FILE/TRANSFER,OPERACION,2024-04-03,2,1.2847367948305068e-05
*FILE/TRANSFER,FTP,2024-03-14,55442,0.36350995412816495
*FILE/TRANSFER,FTP,2024-02-22,56221,0.3703727958783281
*FILE/TRANSFER,OPERACION,2024-02-14,4,1.7620141668442765e-05
*FILE/TRANSFER,FTP,2024-02-04,54398,0.26594832510069716
*FILE/TRANSFER,MONITOREO,2024-01-12,2,8.841367711074743e-06
*FILE/TRANSFER,MONITOREO,2023-12-23,2,8.105891105020739e-06
*FILE/TRANSFER,FTP,2023-12-22,57301,0.31940342206311667
*FILE/TRANSFER,MONITOREO,2023-12-19,2,8.199781735580823e-06
*FILE/TRANSFER,OPERACION,2023-12-20,10,3.9981760180169865e-05
*FILE/TRANSFER,FTP,2023-12-18,56369,0.3029371336504978
*FILE/TRANSFER,FTP,2023-12-19,55962,0.3043863511816338
*FILE/TRANSFER,MONITOREO,2023-12-17,2,7.464305129526819e-06
*FILE/TRANSFER,OPERACION,2023-12-15,10,3.782227567728789e-05
*FILE/TRANSFER,MONITOREO,2023-12-14,2,8.29367236614091e-06
*FILE/TRANSFER,MONITOREO,2023-12-12,2,7.8085707749138e-06
*FILE/TRANSFER,FTP,2023-12-11,58041,0.31301180173929843
*FILE/TRANSFER,OPERACION,2023-12-06,18,7.066834793489123e-05
*FILE/TRANSFER,FTP,2023-12-04,55145,0.28688128812937763
*FILE/TRANSFER,FTP,2023-12-01,47132,0.22877527183685095
*FILE/TRANSFER,FTP,2023-11-26,59535,0.30929465602699285
*FILE/TRANSFER,FTP,2023-12-03,49594,0.23225285560528863
*FILE/TRANSFER,MONITOREO,2023-11-22,2,7.855516090193844e-06
*FILE/TRANSFER,FTP,2023-11-16,54747,0.29293249232366647
*FILE/TRANSFER,MONITOREO,2023-11-18,2,7.730328582780395e-06
*FILE/TRANSFER,FTP,2023-11-11,55182,0.29379367283560165
*FILE/TRANSFER,MONITOREO,2023-11-07,2,7.339117622113372e-06
*FILE/TRANSFER,FTP,2023-10-25,59225,0.38146357966791467
*FILE/TRANSFER,MONITOREO,2023-10-19,2,8.043297351314015e-06
*FILE/TRANSFER,FTP,2023-10-10,59297,0.3274403974453008
*FILE/TRANSFER,MONITOREO,2023-10-11,2,7.855516090193844e-06
*FILE/TRANSFER,MONITOREO,2023-10-12,2,7.8085707749138e-06
*FILE/TRANSFER,MONITOREO,2023-10-01,2,7.94940672075393e-06
*FILE/TRANSFER,FTP,2023-09-20,56902,0.3181014719859956
*FILE/TRANSFER,MONITOREO,2023-09-21,2,8.012000474460654e-06
*FILE/TRANSFER,MONITOREO,2023-09-27,2,8.26237548928755e-06
*FILE/TRANSFER,MONITOREO,2023-09-17,2,7.5581957600869045e-06
*FILE/TRANSFER,OPERACION,2023-09-12,18,7.559760603929573e-05
*FILE/TRANSFER,OPERACION,2023-09-14,16,6.354830845075139e-05
*FILE/TRANSFER,OPERACION,2023-09-11,14,5.383062818778251e-05
*FILE/TRANSFER,FTP,2023-08-30,55587,0.3171858036114658
*FILE/TRANSFER,FTP,2023-08-24,55428,0.31573223581446436
*FILE/TRANSFER,MONITOREO,2023-08-22,2,8.105891105020737e-06
*FILE/TRANSFER,OPERACION,2023-08-16,20,7.778838741903105e-05
*FILE/TRANSFER,OPERACION,2023-08-08,20,7.561325447772242e-05
*FILE/TRANSFER,OPERACION,2023-08-03,12,4.797811221620383e-05
*FILE/TRANSFER,FTP,2023-08-04,55070,0.3103820816616915
*FILE/TRANSFER,MONITOREO,2023-07-31,2,7.886812967047206e-06
*FILE/TRANSFER,MONITOREO,2023-07-26,2,8.199781735580823e-06
*FILE/TRANSFER,MONITOREO,2023-08-02,2,8.262375489287548e-06
*FILE/TRANSFER,OPERACION,2023-07-27,10,3.6945963125393755e-05
*FILE/TRANSFER,FTP,2023-07-21,55777,0.30924203032856074
*FILE/TRANSFER,UNISYS_UNASSIGNED,2023-07-18,1,3.912109606670241e-06
*FILE/TRANSFER,FTP,2023-07-14,56569,0.31221205699662297
*FILE/TRANSFER,FTP,2023-07-24,55884,0.3050415982438709
*FILE/TRANSFER,OPERACION,2023-07-11,16,6.285977715997742e-05
*FILE/TRANSFER,OPERACION,2023-07-17,16,6.658410550552749e-05
*FILE/TRANSFER,FTP,2023-07-07,56235,0.3132170153608229
*FILE/TRANSFER,FTP,2023-07-05,56785,0.319400386266054
*FILE/TRANSFER,OPERACION,2023-07-06,18,6.933823066862335e-05
*FILE/TRANSFER,OPERACION,2024-12-06,2,1.2706532002464942e-05
*FILE/TRANSFER,MONITOREO,2024-12-06,3,1.43026727219864e-05
*FILE/TRANSFER,FTP,2024-12-06,54526,0.3592690708301474
*FILE/TRANSFER,MONITOREO,2024-06-11,2,9.154336479608364e-06
*FILE/TRANSFER,FTP,2024-06-11,58771,0.36970088322916256
*FILE/TRANSFER,FTP,2024-12-11,61587,0.4059449669458
*FILE/TRANSFER,OPERACION,2024-12-11,2,9.686383386115516e-06
*FILE/TRANSFER,MONITOREO,2024-12-11,3,1.2956907017291836e-05
*FILE/TRANSFER,MONITOREO,2024-10-01,2,9.467305248141982e-06
*FILE/TRANSFER,FTP,2024-10-05,55859,0.36809089364162617
*FILE/TRANSFER,MONITOREO,2024-10-05,2,9.232578671741768e-06
*FILE/TRANSFER,MONITOREO,2024-10-06,2,8.575344257821167e-06
*FILE/TRANSFER,FTP,2024-08-01,47611,0.28213564880147274
*FILE/TRANSFER,MONITOREO,2024-09-08,2,8.371914558274315e-06
*FILE/TRANSFER,MONITOREO,2024-08-08,2,9.27952398702181e-06
*FILE/TRANSFER,FTP,2024-06-04,55563,0.35353994279557244
*FILE/TRANSFER,OPERACION,2024-07-15,2,1.0327969361609434e-05
*FILE/TRANSFER,MONITOREO,2024-07-15,2,9.013500533768235e-06
*FILE/TRANSFER,FTP,2024-10-01,47371,0.2768070738452866
*FILE/TRANSFER,OPERACION,2024-10-01,10,4.702355747217629e-05
*FILE/TRANSFER,OPERACION,2024-10-02,2,1.0625289691716373e-05
*FILE/TRANSFER,OPERACION,2024-10-07,2,9.4516568097153e-06
*FILE/TRANSFER,FTP,2024-10-07,55637,0.3492720815897047
*FILE/TRANSFER,MONITOREO,2024-10-02,2,9.342117740728535e-06
*FILE/TRANSFER,FTP,2024-07-07,46680,0.2485352905148272
*FILE/TRANSFER,OPERACION,2024-11-26,10,4.722698717172315e-05
*FILE/TRANSFER,MONITOREO,2024-11-26,3,1.4005352391879463e-05
*FILE/TRANSFER,FTP,2024-11-26,54127,0.3386758197512647
*FILE/TRANSFER,OPERACION,2024-11-21,8,3.862034603704862e-05
*FILE/TRANSFER,FTP,2024-09-25,65054,0.43910031494046325
*FILE/TRANSFER,FTP,2024-10-08,55421,0.35759351428561553
*FILE/TRANSFER,FTP,2024-10-09,55904,0.36143628566160724
*FILE/TRANSFER,OPERACION,2024-11-22,6,2.9340822050026805e-05
*FILE/TRANSFER,FTP,2024-11-22,54674,0.3570723117469304
*FILE/TRANSFER,MONITOREO,2024-11-22,3,1.3520250800652354e-05
*FILE/TRANSFER,OPERACION,2024-11-23,4,1.3880164884466014e-05
*FILE/TRANSFER,MONITOREO,2024-06-12,2,9.389063056008578e-06
*FILE/TRANSFER,OPERACION,2024-06-12,2,1.039056311531616e-05
*FILE/TRANSFER,FTP,2024-06-12,56214,0.35731220230801936
*FILE/TRANSFER,OPERACION,2024-06-13,8,3.930887732782258e-05
*FILE/TRANSFER,MONITOREO,2024-09-10,2,9.27952398702181e-06
*FILE/TRANSFER,OPERACION,2024-09-16,2,8.857016149501424e-06
*FILE/TRANSFER,FTP,2024-09-16,58744,0.3831543308461692
*FILE/TRANSFER,MONITOREO,2024-09-16,2,9.201281794888407e-06
*FILE/TRANSFER,MONITOREO,2024-08-29,2,9.123039602755002e-06
*FILE/TRANSFER,FTP,2024-08-29,57362,0.38105313677641756
*FILE/TRANSFER,FTP,2024-05-31,58237,0.386083655925889
*FILE/TRANSFER,FTP,2024-05-14,55867,0.356261910417695
*FILE/TRANSFER,FTP,2024-10-06,53453,0.29952402144837825
*FILE/TRANSFER,FTP,2024-12-15,50465,0.28375443281139273
*FILE/TRANSFER,MONITOREO,2024-12-15,2,8.434508311981039e-06
*FILE/TRANSFER,OPERACION,2024-10-08,8,3.611659588877966e-05
*FILE/TRANSFER,MONITOREO,2024-12-19,3,1.3567196115932393e-05
*FILE/TRANSFER,FTP,2024-12-19,55914,0.3637821900114724
*FILE/TRANSFER,UNISYS_UNASSIGNED,2024-05-27,1,4.616289335870884e-06
*FILE/TRANSFER,MONITOREO,2024-05-27,2,9.74897713982224e-06
*FILE/TRANSFER,OPERACION,2024-05-27,8,3.768143973144776e-05
*FILE/TRANSFER,MONITOREO,2024-10-11,2,1.0390563115316159e-05
*FILE/TRANSFER,OPERACION,2024-05-29,2,9.326469302301854e-06
*FILE/TRANSFER,MONITOREO,2024-05-29,2,9.185633356461725e-06
*FILE/TRANSFER,FTP,2024-12-13,56061,0.36471893683256473
*FILE/TRANSFER,OPERACION,2024-12-13,2,1.203364915011766e-05
*FILE/TRANSFER,MONITOREO,2024-12-13,3,1.3426360170092264e-05
*FILE/TRANSFER,FTP,2024-12-14,54766,0.3526401575860225
*FILE/TRANSFER,MONITOREO,2024-12-14,4,1.904414956527073e-05
*FILE/TRANSFER,MONITOREO,2024-09-29,2,7.761625459633757e-06
*FILE/TRANSFER,FTP,2024-12-09,56255,0.3458890769831118
*FILE/TRANSFER,MONITOREO,2024-12-09,3,1.1439008489903784e-05
*FILE/TRANSFER,OPERACION,2024-12-09,2,9.326469302301852e-06
*FILE/TRANSFER,OPERACION,2024-09-23,2,9.858516208809006e-06
*FILE/TRANSFER,FTP,2024-12-18,55878,0.36341792566177256
*FILE/TRANSFER,OPERACION,2024-12-18,2,1.0030649031502496e-05
*FILE/TRANSFER,MONITOREO,2024-12-18,3,1.4193133652999634e-05
*FILE/TRANSFER,OPERACION,2024-12-19,8,3.9825275795903055e-05
*FILE/TRANSFER,FTP,2024-11-20,54838,0.35097921668298193
*FILE/TRANSFER,MONITOREO,2024-08-25,2,7.902461405473887e-06
*FILE/TRANSFER,MONITOREO,2024-08-26,1,4.960554981257865e-06
*FILE/TRANSFER,FTP,2024-09-11,58442,0.3828774473766467
*FILE/TRANSFER,OPERACION,2024-09-12,8,3.80570022536881e-05
*FILE/TRANSFER,FTP,2024-09-26,57714,0.38317379750356806
*FILE/TRANSFER,FTP,2024-09-27,55829,0.36374784168912444
*FILE/TRANSFER,FTP,2024-11-25,63809,0.4114890052506691
*FILE/TRANSFER,MONITOREO,2024-11-25,3,1.2894313263585115e-05
*FILE/TRANSFER,OPERACION,2024-11-25,2,1.1971055396410936e-05
*FILE/TRANSFER,MONITOREO,2024-10-14,2,8.95090678006151e-06
*FILE/TRANSFER,OPERACION,2024-07-23,8,3.857340072176857e-05
*FILE/TRANSFER,MONITOREO,2024-05-30,2,9.545547440275387e-06
*FILE/TRANSFER,FTP,2024-05-30,59231,0.3911378981080036
*FILE/TRANSFER,OPERACION,2024-05-30,6,2.8151540729599055e-05
*FILE/TRANSFER,MONITOREO,2024-05-31,2,9.545547440275387e-06
*FILE/TRANSFER,OPERACION,2024-08-23,4,1.9638790225484607e-05
*FILE/TRANSFER,MONITOREO,2024-11-02,4,1.8731180796737113e-05
*FILE/TRANSFER,OPERACION,2024-08-21,2,1.042185999216952e-05
*FILE/TRANSFER,MONITOREO,2024-08-21,2,9.623789632408792e-06
*FILE/TRANSFER,MONITOREO,2024-12-17,3,1.4083594584012866e-05
*FILE/TRANSFER,FTP,2024-12-17,70314,0.5222908406247353
*FILE/TRANSFER,OPERACION,2024-12-17,8,3.9700088288489607e-05
*FILE/TRANSFER,OPERACION,2024-06-07,2,1.0061945908355858e-05
*FILE/TRANSFER,MONITOREO,2024-06-07,2,9.013500533768235e-06
*FILE/TRANSFER,FTP,2024-12-01,41029,0.2259078676280033
*FILE/TRANSFER,MONITOREO,2024-12-01,2,9.138688041181683e-06
*FILE/TRANSFER,FTP,2024-05-26,59265,0.36002007068712716
*FILE/TRANSFER,FTP,2024-11-30,55394,0.3610216802854951
*FILE/TRANSFER,MONITOREO,2024-11-30,3,1.3911461761319375e-05
*FILE/TRANSFER,FTP,2024-10-15,54617,0.34520985651319874
*FILE/TRANSFER,MONITOREO,2024-10-15,2,9.138688041181681e-06
*FILE/TRANSFER,MONITOREO,2024-10-16,16,7.841432495609831e-05
*FILE/TRANSFER,FTP,2024-10-16,54907,0.3530323700467482
*FILE/TRANSFER,MONITOREO,2024-08-13,2,9.389063056008576e-06
*FILE/TRANSFER,FTP,2024-11-29,56046,0.37235559386292527
*FILE/TRANSFER,MONITOREO,2024-11-29,3,1.3645438308065799e-05
*FILE/TRANSFER,OPERACION,2024-11-29,2,9.968055277795772e-06
*FILE/TRANSFER,MONITOREO,2024-06-06,2,1.006194590835586e-05
*FILE/TRANSFER,FTP,2024-06-06,55416,0.359294108331639
*FILE/TRANSFER,MONITOREO,2024-10-19,2,9.420359932861939e-06
*FILE/TRANSFER,FTP,2024-06-03,52285,0.31783407147017895
*FILE/TRANSFER,OPERACION,2024-10-25,2,1.0719180322276459e-05
*FILE/TRANSFER,MONITOREO,2024-12-12,3,1.4146188337719589e-05
*FILE/TRANSFER,OPERACION,2024-12-12,8,4.084242429363731e-05
*FILE/TRANSFER,FTP,2024-12-12,57349,0.3737784281268759
*FILE/TRANSFER,OPERACION,2024-06-19,2,1.1485953805183827e-05
*FILE/TRANSFER,MONITOREO,2024-06-19,2,9.482953686568663e-06
*FILE/TRANSFER,OPERACION,2024-06-20,8,3.9042853874569e-05
*FILE/TRANSFER,MONITOREO,2024-06-16,2,8.700531765234617e-06
